codigo,descripcion,cliente,brix_min,brix_max,ph_min,ph_max
PULP022,PULPA DE GUANABANA 150 g - AXIONLOG ECUADOR S.A,AXIONLOG ECUADOR S.A ,11.0,16.0,3.3,4.0
PULP024,PULPA DE LIMON 150 g - AXIONLOG ECUADOR S.A,AXIONLOG ECUADOR S.A ,6.0,8.0,2.0,4.0
PULP021,PULPA DE MORA 150 g - AXIONLOG ECUADOR S.A,AXIONLOG ECUADOR S.A ,6.0,10.0,2.5,3.5
PULP023,PULPA DE NARANJILLA 150 g - AXIONLOG ECUADOR S.A,AXIONLOG ECUADOR S.A ,6.0,10.0,2.7,3.5
TOPP007,TOPPING DE FRUTOS ROJOS 1 KG - AXIONLOG ECUADOR S.A,AXIONLOG ECUADOR S.A ,39.0,41.0,2.8,3.4
FRUTP005,FRESA PICADA 16 KG - CHIVERIA S.A.,CHIVERIA S.A. ,7.0,10.0,3.2,3.8
SALS007,SALSA DE CHOCOLATE 1 KG - DULCAFE S.A.,DULCAFE S.A. ,55.0,60.0,5.8,7.0
PULP016,PULPA DE FRESA 16 KG - ECUAJUGOS SA,ECUAJUGOS SA ,8.0,10.0,3.4,3.8
PULP017,PULPA DE MORA 16 KG - ECUAJUGOS SA,ECUAJUGOS SA ,6.0,10.0,2.5,3.5
PULP005,PULPA DE NARANJILLA 16 KG - ECUAJUGOS SA,ECUAJUGOS SA ,6.5,10.0,2.5,3.5
PTEC032,MORA ENTERA GOYA UE UNIDAD 397 g - GOYA UE,GOYA UE ,,,,
PTEC029,PULPA DE GUANABANA GOYA UE UNIDAD 250 g - GOYA UE,GOYA UE ,11.0,16.0,3.4,4.0
PTEC026,PULPA DE GUAYABA GOYA UE UNIDAD 250 g - GOYA UE,GOYA UE ,6.0,9.0,3.5,4.5
PTEC025,PULPA DE MORA GOYA UE UNIDAD 250 g - GOYA UE,GOYA UE ,6.0,10.0,2.5,3.5
PTEC027,PULPA DE NARANJILLA GOYA UE UNIDAD 250 g - GOYA UE,GOYA UE ,,,,
PTEC028,PULPA DE PAPAYA GOYA UE UNIDAD 250 g - GOYA UE,GOYA UE ,7.0,11.8,4.5,6.0
PTEC030,PULPA DE PIÑA GOYA UE UNIDAD 250 g - GOYA UE,GOYA UE ,10.0,15.0,3.3,4.2
PTEC031,PULPA DE TOMATE DE ARBOL GOYA UE UNIDAD 250 g - GOYA UE,GOYA UE ,7.0,10.0,3.4,4.2
PTEC024,PULPA DE FRESA GOYA USA UNIDAD 397 g - GOYA USA,GOYA USA ,,,,
PTEC002,PULPA DE GUANÁBANA GOYA USA UNIDAD 397 g - GOYA USA,GOYA USA ,11.0,16.0,3.3,4.0
PTEC004,PULPA DE GUAYABA GOYA USA UNIDAD 397 g - GOYA USA,GOYA USA ,6.0,9.0,3.5,4.5
PTEC001,PULPA DE MANGO GOYA USA UNIDAD 397 g - GOYA USA,GOYA USA ,13.0,16.0,3.7,4.2
PTEC007,PULPA DE MARACUYA GOYA USA UNIDAD 397 g - GOYA USA,GOYA USA ,9.5,14.0,2.5,3.5
PTEC005,PULPA DE MORA GOYA USA UNIDAD 397 g - GOYA USA,GOYA USA ,6.0,10.0,2.5,3.5
PTEC003,PULPA DE NARANJILLA GOYA USA UNIDAD 397 g - GOYA USA,GOYA USA ,,,,
PTEC008,PULPA DE PAPAYA GOYA USA UNIDAD 397 g - GOYA USA,GOYA USA ,7.0,11.8,4.5,6.0
PTEC009,PULPA DE PIÑA GOYA USA UNIDAD 397 g - GOYA USA,GOYA USA ,10.0,15.0,3.3,4.2
PTEC006,PULPA DE TOMATE DE ARBOL GOYA USA UNIDAD 397 g - GOYA USA,GOYA USA ,7.0,10.0,3.4,4.2
PTEC010,TOMATE DE ARBOL GOYA USA ENTERO UNIDAD 397 g - GOYA USA,GOYA USA ,7.0,10.0,3.4,4.2
MPI014, MARACUYA CON PEPAS MATERIA PRIMA - INTERNO,INTERNO ,12.0,,2.8,3.5
MPI012,AZUCAR INVERTIDA - INTERNO,INTERNO ,,,,
MPI001,DURAZNO ENTERO PELADO - INTERNO,INTERNO ,9.0,14.0,3.0,4.0
MPI014,MARACUYA CON PEPAS MATERIA PRIMA - INTERNO,INTERNO ,12.0,,2.8,3.5
MPI005,PULPA DE FRESA MATERIA PRIMA - INTERNO,INTERNO ,7.5,10.0,3.3,3.8
MPI007,PULPA DE GUANÁBANA MATERIA PRIMA - INTERNO,INTERNO ,12.0,17.0,3.4,3.8
MPI003,PULPA DE GUAYABA MATERIA PRIMA - INTERNO,INTERNO ,7.0,11.0,3.7,4.5
MPI002,PULPA DE MANGO MATERIA PRIMA - INTERNO,INTERNO ,14.0,20.0,3.8,4.5
MPI008,PULPA DE MARACUYÁ MATERIA PRIMA - INTERNO,INTERNO ,12.0,,2.8,3.5
MPI004,PULPA DE MORA MATERIA PRIMA - INTERNO,INTERNO ,6.5,,2.6,3.5
MPI006,PULPA DE NARANJILLA MATERIA PRIMA - INTERNO,INTERNO ,7.0,10.0,2.5,3.5
MPI016,PULPA DE PAPAYA MATERIA PRIMA - INTERNO,INTERNO ,8.0,12.0,5.0,5.7
MPI009,PULPA DE PIÑA MATERIA PRIMA - INTERNO,INTERNO ,,,,
MPI011,PULPA DE TAMARINDO MATERIA PRIMA - INTERNO,INTERNO ,,,,
MPI010,PULPA DE TOMATE DE ÁRBOL MATERIA PRIMA - INTERNO,INTERNO ,8.0,11.0,3.4,4.0
TOPP008, TOPPING DE FRUTILLA 12 BX 14 KG - KAARUFOOD CIA LTDA,KAARUFOOD CIA LTDA ,10.5,12.5,3.3,3.9
PULP011,PULPA DE ARANDANO 8 KG - KAARUFOOD CIA LTDA,KAARUFOOD CIA LTDA ,10.0,14.0,2.5,3.5
PULP006,PULPA DE FRESA 12 KG - KAARUFOOD CIA LTDA,KAARUFOOD CIA LTDA ,7.0,10.0,3.2,3.8
PULP020,PULPA DE MORA 14KG - KAARUFOOD CIA LTDA,KAARUFOOD CIA LTDA ,6.0,10.0,2.5,3.5
PULP002,PULPA DE MORA 41 BX 12 KG - KAARUFOOD CIA LTDA,KAARUFOOD CIA LTDA ,40.0,42.0,2.5,3.5
TOPP006,TOPPING DE COLADA MORADA 6 KG - KAARUFOOD CIA LTDA,KAARUFOOD CIA LTDA ,,,,
TOPP002,TOPPING DE PIÑA 20BX 2 KG - KAARUFOOD CIA LTDA,KAARUFOOD CIA LTDA ,19.0,20.0,3.4,3.8
PULP010,PULPA DE MARACUYA 10 KG - LOS ANDES,LOS ANDES ,10.0,16.0,2.5,3.5
PULP009,PULPA DE PAPAYA 16 KG - LOS ANDES,LOS ANDES ,8.0,12.0,4.0,5.7
PULP014,PULPA DE PIÑA 16 KG - LOS ANDES,LOS ANDES ,10.0,16.0,3.0,4.2
PULP012,PULPA DE TOMATE DE ARBOL 16 KG - LOS ANDES,LOS ANDES ,8.0,12.0,3.0,4.2
PTEC022,LULO ENTERO MERICA UNIDAD 500 g - MERICA,MERICA ,6.0,10.0,3.0,3.5
PTEC014,MARACUYÁ CON PEPAS MERICA UNIDAD 500 g - MERICA,MERICA ,11.0,16.0,2.5,3.5
PTEC023,MORA ENTERA MERICA UNIDAD 500 g - MERICA,MERICA ,6.0,10.0,2.5,3.5
PTEC011,PULPA CREMA DE COCO MERICA UNIDAD 250 g - MERICA,MERICA ,23.0,28.0,5.4,6.5
PTEC018,PULPA DE GUANABANA MERICA UNIDAD 250 g - MERICA,MERICA ,11.0,15.0,3.4,4.0
PTEC017,PULPA DE GUAYABA MERICA UNIDAD 250 g - MERICA,MERICA ,6.0,9.0,3.5,4.5
PTEC019,PULPA DE LULO MERICA UNIDAD 250 g - MERICA,MERICA ,6.0,10.0,3.0,3.5
PTEC012,PULPA DE MANGO MERICA UNIDAD 250 g - MERICA,MERICA ,13.0,18.0,3.9,4.5
PTEC015,PULPA DE MARACUYA MERICA UNIDAD 250 g - MERICA,MERICA ,11.0,16.0,2.5,3.5
PTEC016,PULPA DE MORA MERICA UNIDAD 250 g - MERICA,MERICA ,6.0,10.0,2.5,3.5
PTEC020,PULPA DE TAMARINDO MERICA UNIDAD 250 g - MERICA,MERICA ,18.0,20.0,2.0,3.0
PTEC013,PULPA DE TOMATE DE ÁRBOL MERICA UNIDAD 250 g - MERICA,MERICA ,7.0,10.0,3.0,4.2
PTEC021,TOMATE DE ÁRBOL ENTERO MERICA UNIDAD 500 g - MERICA,MERICA ,7.0,10.0,3.0,4.2
PULP025, PULPA DE MANGO 16 KG - PRODUCTOS OLE,PRODUCTOS OLE ,13.0,16.0,3.7,4.2
SALS005,SALSA DE DURAZNO EDULCORADA 15 KG - REYLACTEOS C.L.,REYLACTEOS C.L. ,6.5,11.5,3.5,4.5
SALS006,SALSA DE FRESA EDULCORADA 15 KG - REYLACTEOS C.L.,REYLACTEOS C.L. ,6.0,10.0,3.0,3.8
SALS004,SALSA DE MORA EDULCORADA 15 KG - REYLACTEOS C.L.,REYLACTEOS C.L. ,10.0,14.0,2.5,3.5
SALS008,SALSA DE FRESA LISA - REYLACTEOS C.L.,REYLACTEOS C.L. ,6.0,11.0,3.0,4.2
SALS009,SALSA DE ARÁNDANO - REYLACTEOS C.L.,REYLACTEOS C.L. ,7.0,14.0,3.0,4.2
PULP001,COCO RALLADO 20 KG - UNILEVER,UNILEVER ,36.0,37.0,4.0,4.8
PULP003,PULPA DE FRESA 20 KG - UNILEVER,UNILEVER ,7.0,10.0,2.5,3.5
PULP004,PULPA DE MORA CON PEPAS 18 KG - UNILEVER,UNILEVER ,8.0,10.0,2.8,3.3
SW001,SWIRL DE MORA 20 KG - UNILEVER,UNILEVER ,49.0,52.0,3.1,3.45
PULP019,PULPA DE MARACUYA 16 KG - VITA ALIMENTOS C. A.,VITA ALIMENTOS C. A. ,11.0,16.0,2.5,3.5
PULP013,PULPA DE MORA 18 KG - VITA ALIMENTOS C. A.,VITA ALIMENTOS C. A. ,6.0,10.0,2.5,3.5
PULP018,PULPA DE NARANJILLA 20 KG - VITA ALIMENTOS C. A.,VITA ALIMENTOS C. A. ,6.0,10.0,2.5,3.5
PTEC034,PULPA DE MARACUYA EVOKE UNIDAD 250 g,EVOKE,,,,
PTEC033,PULPA DE PIÑA EVOKE UNIDAD 250 g,EVOKE,,,,
PTEC035,PULPA DE MANGO EVOKE UNIDAD 250 g,EVOKE,,,,
