orden_venta,producto,producto_template,cantidad,unidad_medida,precio_unitario,subtotal,actualizado
S00177,[SALS006] SALSA DE FRESA EDULCORADA 15 KG,[SALS006] SALSA DE FRESA EDULCORADA 15 KG,1305.0,kg,2.68,3497.4,2026-08-25 20:30:28
S00177,[SALS008] SALSA LISA DE FRESA ,[SALS008] SALSA LISA DE FRESA ,1005.0,kg,2.75,2763.75,2026-08-25 20:30:28
S00177,[SALS009] SALSA DE ARANDANO,[SALS009] SALSA DE ARANDANO,705.0,kg,11.86,8361.3,2026-08-25 20:30:28
S00176,[TOPP008] TOPPING DE FRUTILLA 12 BX,[TOPP008] TOPPING DE FRUTILLA 12 BX,546.0,kg,4.08,1051.69,2026-08-25 20:30:28
S00176,[PULP011] PULPA DE ARANDANO 8 KG,[PULP011] PULPA DE ARANDANO 8 KG,80.0,kg,8.58,686.4,2026-08-25 20:30:28
S00176,[PULP006] PULPA DE FRESA 12 KG,[PULP006] PULPA DE FRESA 12 KG,84.0,kg,2.48,208.32,2026-08-25 20:30:28
S00176,[PULP020] PULPA DE MORA 14KG,[PULP020] PULPA DE MORA 14KG,392.0,kg,2.75,1078.0,2026-08-25 20:30:28
S00176,[PULP002] PULPA DE MORA 41 BX 12 KG,[PULP002] PULPA DE MORA 41 BX 12 KG,96.0,kg,4.04,387.84,2026-08-25 20:30:28
S00176,[TOPP009] TOPPING DE DURAZNO 8 KG,[TOPP009] TOPPING DE DURAZNO 8 KG,120.0,kg,5.5,660.0,2026-08-25 20:30:28
S00175,[PTEXP020] Pulpa Tamarindo America x 250 gr (CAJAS 10 UDS),[PTEXP020] Pulpa Tamarindo America x 250 gr (CAJAS 10 UDS),13680.0,Units,0.65,8892.0,2026-08-25 20:30:28
S00175,[PTEXP019] Pulpa Lulo America x 250 gr (CAJAS 10 UDS),[PTEXP019] Pulpa Lulo America x 250 gr (CAJAS 10 UDS),17100.0,Units,0.57,9747.0,2026-08-25 20:30:28
S00175,[PTEXP012] Pulpa Mango America x 250 gr (CAJAS 10 UDS),[PTEXP012] Pulpa Mango America x 250 gr (CAJAS 10 UDS),17100.0,Units,0.43,7353.0,2026-08-25 20:30:28
S00175,[PTEXP017] Pulpa Guayaba America x 250 gr (CAJAS 10 UDS),[PTEXP017] Pulpa Guayaba America x 250 gr (CAJAS 10 UDS),6840.0,Units,0.42,2872.8,2026-08-25 20:30:28
S00175,[PTEXP014] Maracuyá C/ Pepas x 500 gr (CAJAS 10 UDS),[PTEXP014] Maracuyá C/ Pepas x 500 gr (CAJAS 10 UDS),3960.0,Units,1.88,7444.8,2026-08-25 20:30:28
S00175,[PTEXP015] Pulpa Maracuyá America x 250 gr (CAJAS 10 UDS),[PTEXP015] Pulpa Maracuyá America x 250 gr (CAJAS 10 UDS),10260.0,Units,0.9,9234.0,2026-08-25 20:30:28
S00175,[PTEXP022] Lulo Entero Congelado América x 500gr (Cajas de 12 uds),[PTEXP022] Lulo Entero Congelado América x 500gr (Cajas de 12 uds),3168.0,Units,1.32,4181.76,2026-08-25 20:30:28
S00174,[FRUTP005] FRESA PICADA 16 KG,[FRUTP005] FRESA PICADA 16 KG,2304.0,kg,2.12,4884.48,2026-08-25 20:30:28
S00173,[SALS007] SALSA DE CHOCOLATE 1 KG,[SALS007] SALSA DE CHOCOLATE 1 KG,1000.0,kg,3.87,3870.0,2026-08-25 20:30:28
S00172,[SALS007] SALSA DE CHOCOLATE 1 KG,[SALS007] SALSA DE CHOCOLATE 1 KG,400.0,kg,3.87,1548.0,2026-08-25 20:30:28
S00171,[PULP012] PULPA DE TOMATE DE ARBOL 16 KG,[PULP012] PULPA DE TOMATE DE ARBOL 16 KG,2512.0,kg,2.62,6581.44,2026-08-25 20:30:28
S00171,[PULP009] PULPA DE PAPAYA 16 KG,[PULP009] PULPA DE PAPAYA 16 KG,320.0,kg,2.1,672.0,2026-08-25 20:30:28
S00171,[PULP010] PULPA DE MARACUYA 10 KG,[PULP010] PULPA DE MARACUYA 10 KG,10.0,kg,3.45,34.5,2026-08-25 20:30:28
S00171,[PULP014] PULPA DE PIÑA 16 KG,[PULP014] PULPA DE PIÑA 16 KG,192.0,kg,2.67,512.64,2026-08-25 20:30:28
S00170,[TOPP008] TOPPING DE FRUTILLA 12 BX,[TOPP008] TOPPING DE FRUTILLA 12 BX,546.0,kg,4.08,2227.68,2026-08-25 20:30:28
S00170,[PULP011] PULPA DE ARANDANO 8 KG,[PULP011] PULPA DE ARANDANO 8 KG,144.0,kg,8.58,1235.52,2026-08-25 20:30:28
S00170,[PULP006] PULPA DE FRESA 12 KG,[PULP006] PULPA DE FRESA 12 KG,84.0,kg,2.48,208.32,2026-08-25 20:30:28
S00170,[PULP020] PULPA DE MORA 14KG,[PULP020] PULPA DE MORA 14KG,392.0,kg,2.75,1078.0,2026-08-25 20:30:28
S00170,[PULP002] PULPA DE MORA 41 BX 12 KG,[PULP002] PULPA DE MORA 41 BX 12 KG,96.0,kg,4.04,387.84,2026-08-25 20:30:28
S00170,[TOPP009] TOPPING DE DURAZNO 8 KG,[TOPP009] TOPPING DE DURAZNO 8 KG,120.0,kg,5.5,660.0,2026-08-25 20:30:28
S00169,[PULP026] PULPA DE PIÑA 16 KG CONGELADA,[PULP026] PULPA DE PIÑA 16 KG CONGELADA,3168.0,kg,1.51,4783.68,2026-08-25 20:30:28
S00031,[PULP005] PULPA DE NARANJILLA 16 KG,[PULP005] PULPA DE NARANJILLA 16 KG,1296.0,kg,2.87,3719.52,2026-08-25 20:30:28
S00167,[PULP025] PULPA DE MANGO 16 KG,[PULP025] PULPA DE MANGO 16 KG,160.0,kg,1.45,232.0,2026-08-25 20:30:28
S00166,[PULP025] PULPA DE MANGO 16 KG,[PULP025] PULPA DE MANGO 16 KG,32.0,kg,1.37,43.84,2026-08-25 20:30:28
S00165,[SALS005] SALSA DE DURAZNO EDULCORADA 15 KG,[SALS005] SALSA DE DURAZNO EDULCORADA 15 KG,105.0,kg,3.74,392.7,2026-08-25 20:30:28
S00164,[SALS006] SALSA DE FRESA EDULCORADA 15 KG,[SALS006] SALSA DE FRESA EDULCORADA 15 KG,2010.0,kg,2.68,5386.8,2026-08-25 20:30:28
S00164,[SALS008] SALSA LISA DE FRESA ,[SALS008] SALSA LISA DE FRESA ,1200.0,kg,2.75,3300.0,2026-08-25 20:30:28
S00164,[SALS009] SALSA DE ARANDANO,[SALS009] SALSA DE ARANDANO,510.0,kg,11.86,6048.6,2026-08-25 20:30:28
S00163,[TOPP008] TOPPING DE FRUTILLA 12 BX,[TOPP008] TOPPING DE FRUTILLA 12 BX,546.0,kg,4.08,2227.68,2026-08-25 20:30:28
S00163,[TOPP002] TOPPING DE PIÑA 20BX 2 KG,[TOPP002] TOPPING DE PIÑA 20BX 2 KG,46.0,kg,4.24,195.04,2026-08-25 20:30:28
S00163,[PULP011] PULPA DE ARANDANO 8 KG,[PULP011] PULPA DE ARANDANO 8 KG,144.0,kg,8.58,1235.52,2026-08-25 20:30:28
S00163,[PULP006] PULPA DE FRESA 12 KG,[PULP006] PULPA DE FRESA 12 KG,72.0,kg,2.48,178.56,2026-08-25 20:30:28
S00163,[PULP020] PULPA DE MORA 14KG,[PULP020] PULPA DE MORA 14KG,392.0,kg,2.75,1078.0,2026-08-25 20:30:28
S00163,[PULP002] PULPA DE MORA 41 BX 12 KG,[PULP002] PULPA DE MORA 41 BX 12 KG,96.0,kg,4.04,387.84,2026-08-25 20:30:28
S00163,[TOPP009] TOPPING DE DURAZNO 8 KG,[TOPP009] TOPPING DE DURAZNO 8 KG,120.0,kg,5.5,660.0,2026-08-25 20:30:28
S00162,[PULP013] PULPA DE MORA 18 KG,[PULP013] PULPA DE MORA 18 KG,1890.0,kg,2.61,4932.9,2026-08-25 20:30:28
S00162,[PULP018] PULPA DE NARANJILLA 20 KG,[PULP018] PULPA DE NARANJILLA 20 KG,460.0,kg,2.4,1104.0,2026-08-25 20:30:28
S00161,[PTEXP032] MORA ENTERA 397 G X 8 U,[PTEXP032] MORA ENTERA 397 G X 8 U,480.0,Caja de 8,10.31,4948.8,2026-08-25 20:30:28
S00161,[PTEXP030] PULPA DE PIÑA CONGELADA 250 G X 12 U,[PTEXP030] PULPA DE PIÑA CONGELADA 250 G X 12 U,360.0,Caja de 12,6.84,2462.4,2026-08-25 20:30:28
S00161,[PTEXP029] PULPA DE GUANABANA 250 G X 12 U,[PTEXP029] PULPA DE GUANABANA 250 G X 12 U,1800.0,Caja de 12,11.48,20664.0,2026-08-25 20:30:28
S00161,[PTEXP026] PULPA DE GUAYABA 250 G X 12 U,[PTEXP026] PULPA DE GUAYABA 250 G X 12 U,1080.0,Caja de 12,6.4,6912.0,2026-08-25 20:30:28
S00161,[PTEXP025] PULPA DE MORA 250 G X 12 U,[PTEXP025] PULPA DE MORA 250 G X 12 U,2880.0,Caja de 12,9.39,27043.2,2026-08-25 20:30:28
S00161,[PTEXP031] PULPA DE TOMATE DE ARBOL 250 G X 12 U,[PTEXP031] PULPA DE TOMATE DE ARBOL 250 G X 12 U,360.0,Caja de 12,7.52,2707.2,2026-08-25 20:30:28
S00159,[FRUTP005] FRESA PICADA 16 KG,[FRUTP005] FRESA PICADA 16 KG,2304.0,kg,2.04,4700.16,2026-08-25 20:30:28
S00160,[FRUTP005] FRESA PICADA 16 KG,[FRUTP005] FRESA PICADA 16 KG,576.0,kg,2.12,1221.12,2026-08-25 20:30:28
S00158,[SALS007] SALSA DE CHOCOLATE 1 KG,[SALS007] SALSA DE CHOCOLATE 1 KG,1000.0,kg,3.87,3870.0,2026-08-25 20:30:28
S00157,[SALS007] SALSA DE CHOCOLATE 1 KG,[SALS007] SALSA DE CHOCOLATE 1 KG,600.0,kg,3.87,2322.0,2026-08-25 20:30:28
S00155,[PULP026] PULPA DE PIÑA 16 KG CONGELADA,[PULP026] PULPA DE PIÑA 16 KG CONGELADA,1600.0,kg,1.51,2416.0,2026-08-25 20:30:28
S00154,[SW001] SWIRL DE MORA 20 KG,[SW001] SWIRL DE MORA 20 KG,2000.0,kg,1.93,3860.0,2026-08-25 20:30:28
S00154,[PULP004] PULPA DE MORA CON PEPAS 18 KG,[PULP004] PULPA DE MORA CON PEPAS 18 KG,2016.0,kg,2.76,5564.16,2026-08-25 20:30:28
S00154,[PULP001] COCO RALLADO 20 KG,[PULP001] COCO RALLADO 20 KG,2900.0,kg,4.0,11600.0,2026-08-25 20:30:28
S00153,[TOPP008] TOPPING DE FRUTILLA 12 BX,[TOPP008] TOPPING DE FRUTILLA 12 BX,546.0,kg,4.08,2227.68,2026-08-25 20:30:28
S00153,[TOPP002] TOPPING DE PIÑA 20BX 2 KG,[TOPP002] TOPPING DE PIÑA 20BX 2 KG,46.0,kg,4.24,195.04,2026-08-25 20:30:28
S00153,[PULP011] PULPA DE ARANDANO 8 KG,[PULP011] PULPA DE ARANDANO 8 KG,144.0,kg,8.58,1235.52,2026-08-25 20:30:28
S00153,[PULP006] PULPA DE FRESA 12 KG,[PULP006] PULPA DE FRESA 12 KG,72.0,kg,2.48,178.56,2026-08-25 20:30:28
S00153,[PULP020] PULPA DE MORA 14KG,[PULP020] PULPA DE MORA 14KG,392.0,kg,2.75,1078.0,2026-08-25 20:30:28
S00153,[PULP002] PULPA DE MORA 41 BX 12 KG,[PULP002] PULPA DE MORA 41 BX 12 KG,96.0,kg,4.04,387.84,2026-08-25 20:30:28
S00153,[TOPP009] TOPPING DE DURAZNO 8 KG,[TOPP009] TOPPING DE DURAZNO 8 KG,120.0,kg,5.5,660.0,2026-08-25 20:30:28
S00152,[PTEXP003] NARANJILLA PULP 12 X 14 OZ,[PTEXP003] NARANJILLA PULP 12 X 14 OZ,200.0,Caja de 12,11.45,2290.0,2026-08-25 20:30:28
S00152,[PTEXP004] GUAVA PULP 12 X 14 OZ,[PTEXP004] GUAVA PULP 12 X 14 OZ,400.0,Caja de 12,9.7,3880.0,2026-08-25 20:30:28
S00152,[PTEXP002] SOURSOP PULP 12 X 14 OZ,[PTEXP002] SOURSOP PULP 12 X 14 OZ,850.0,Caja de 12,16.2,13770.0,2026-08-25 20:30:28
S00152,[PTEXP008] PAPAYA PULP 12 X 14 OZ,[PTEXP008] PAPAYA PULP 12 X 14 OZ,400.0,Caja de 12,11.4,4560.0,2026-08-25 20:30:28
S00152,[PTEXP001] MANGO PULP 12 X 14 OZ,[PTEXP001] MANGO PULP 12 X 14 OZ,700.0,Caja de 12,9.56,6692.0,2026-08-25 20:30:28
S00152,[PTEXP007] PASSION FRUIT PULP 12 X 14 OZ,[PTEXP007] PASSION FRUIT PULP 12 X 14 OZ,850.0,Caja de 12,19.08,16218.0,2026-08-25 20:30:28
S00152,[PTEXP009] PINEAPPLE PULP 12 X 14 OZ,[PTEXP009] PINEAPPLE PULP 12 X 14 OZ,800.0,Caja de 12,8.86,7088.0,2026-08-25 20:30:28
S00151,[PTEXP005] BLACKBERRY PULP 12 X 14 OZ,[PTEXP005] BLACKBERRY PULP 12 X 14 OZ,700.0,Caja de 12,14.4,10080.0,2026-08-25 20:30:28
S00151,[PTEXP003] NARANJILLA PULP 12 X 14 OZ,[PTEXP003] NARANJILLA PULP 12 X 14 OZ,100.0,Caja de 12,11.45,1145.0,2026-08-25 20:30:28
S00151,[PTEXP004] GUAVA PULP 12 X 14 OZ,[PTEXP004] GUAVA PULP 12 X 14 OZ,2500.0,Caja de 12,9.7,24250.0,2026-08-25 20:30:28
S00151,[PTEXP002] SOURSOP PULP 12 X 14 OZ,[PTEXP002] SOURSOP PULP 12 X 14 OZ,150.0,Caja de 12,16.2,2430.0,2026-08-25 20:30:28
S00151,[PTEXP007] PASSION FRUIT PULP 12 X 14 OZ,[PTEXP007] PASSION FRUIT PULP 12 X 14 OZ,250.0,Caja de 12,19.08,4770.0,2026-08-25 20:30:28
S00150,[PTEXP004] GUAVA PULP 12 X 14 OZ,[PTEXP004] GUAVA PULP 12 X 14 OZ,2100.0,Caja de 12,9.7,20370.0,2026-08-25 20:30:28
S00150,[PTEXP002] SOURSOP PULP 12 X 14 OZ,[PTEXP002] SOURSOP PULP 12 X 14 OZ,2100.0,Caja de 12,16.2,34020.0,2026-08-25 20:30:28
S00149,[PTEXP003] NARANJILLA PULP 12 X 14 OZ,[PTEXP003] NARANJILLA PULP 12 X 14 OZ,420.0,Caja de 12,11.45,4809.0,2026-08-25 20:30:28
S00149,[PTEXP004] GUAVA PULP 12 X 14 OZ,[PTEXP004] GUAVA PULP 12 X 14 OZ,840.0,Caja de 12,9.7,8148.0,2026-08-25 20:30:28
S00149,[PTEXP002] SOURSOP PULP 12 X 14 OZ,[PTEXP002] SOURSOP PULP 12 X 14 OZ,1680.0,Caja de 12,16.2,27216.0,2026-08-25 20:30:28
S00149,[PTEXP001] MANGO PULP 12 X 14 OZ,[PTEXP001] MANGO PULP 12 X 14 OZ,840.0,Caja de 12,9.56,8030.4,2026-08-25 20:30:28
S00149,[PTEXP006] TAMARILLO PULP 12 X 14 OZ,[PTEXP006] TAMARILLO PULP 12 X 14 OZ,210.0,Caja de 12,11.0,2310.0,2026-08-25 20:30:28
S00149,[PTEXP010] TOMATE DE ARBOL WHOLE 8 X 14 OZ,[PTEXP010] TOMATE DE ARBOL WHOLE 8 X 14 OZ,210.0,Caja de 8,9.68,2032.8,2026-08-25 20:30:28
S00148,[PTEXP003] NARANJILLA PULP 12 X 14 OZ,[PTEXP003] NARANJILLA PULP 12 X 14 OZ,1000.0,Caja de 12,11.45,11450.0,2026-08-25 20:30:28
S00148,[PTEXP004] GUAVA PULP 12 X 14 OZ,[PTEXP004] GUAVA PULP 12 X 14 OZ,2700.0,Caja de 12,9.7,26190.0,2026-08-25 20:30:28
S00147,[PTEXP003] NARANJILLA PULP 12 X 14 OZ,[PTEXP003] NARANJILLA PULP 12 X 14 OZ,500.0,Caja de 12,11.45,5725.0,2026-08-25 20:30:28
S00147,[PTEXP004] GUAVA PULP 12 X 14 OZ,[PTEXP004] GUAVA PULP 12 X 14 OZ,1000.0,Caja de 12,9.7,9700.0,2026-08-25 20:30:28
S00147,[PTEXP001] MANGO PULP 12 X 14 OZ,[PTEXP001] MANGO PULP 12 X 14 OZ,2000.0,Caja de 12,9.56,19120.0,2026-08-25 20:30:28
S00147,[PTEXP009] PINEAPPLE PULP 12 X 14 OZ,[PTEXP009] PINEAPPLE PULP 12 X 14 OZ,700.0,Caja de 12,8.86,6202.0,2026-08-25 20:30:28
S00146,[PTEXP003] NARANJILLA PULP 12 X 14 OZ,[PTEXP003] NARANJILLA PULP 12 X 14 OZ,760.0,Caja de 12,10.96,8329.6,2026-08-25 20:30:28
S00146,[PTEXP004] GUAVA PULP 12 X 14 OZ,[PTEXP004] GUAVA PULP 12 X 14 OZ,760.0,Caja de 12,9.29,7060.4,2026-08-25 20:30:28
S00146,[PTEXP002] SOURSOP PULP 12 X 14 OZ,[PTEXP002] SOURSOP PULP 12 X 14 OZ,570.0,Caja de 12,15.77,8988.9,2026-08-25 20:30:28
S00146,[PTEXP008] PAPAYA PULP 12 X 14 OZ,[PTEXP008] PAPAYA PULP 12 X 14 OZ,50.0,Caja de 12,10.91,545.5,2026-08-25 20:30:28
S00146,[PTEXP001] MANGO PULP 12 X 14 OZ,[PTEXP001] MANGO PULP 12 X 14 OZ,760.0,Caja de 12,9.15,6954.0,2026-08-25 20:30:28
S00146,[PTEXP006] TAMARILLO PULP 12 X 14 OZ,[PTEXP006] TAMARILLO PULP 12 X 14 OZ,760.0,Caja de 12,10.53,8002.8,2026-08-25 20:30:28
S00146,[PTEXP024] STRAWBERRY PULP 12 X 14 OZ,[PTEXP024] STRAWBERRY PULP 12 X 14 OZ,100.0,Caja de 12,13.72,1372.0,2026-08-25 20:30:28
S00146,[PTEXP009] PINEAPPLE PULP 12 X 14 OZ,[PTEXP009] PINEAPPLE PULP 12 X 14 OZ,40.0,Caja de 12,8.48,339.2,2026-08-25 20:30:28
S00144,[TOPP009] TOPPING DE DURAZNO 8 KG,[TOPP009] TOPPING DE DURAZNO 8 KG,160.0,kg,5.5,880.0,2026-08-25 20:30:28
S00143,[PTEXP003] NARANJILLA PULP 12 X 14 OZ,[PTEXP003] NARANJILLA PULP 12 X 14 OZ,420.0,Caja de 12,10.96,4603.2,2026-08-25 20:30:28
S00143,[PTEXP004] GUAVA PULP 12 X 14 OZ,[PTEXP004] GUAVA PULP 12 X 14 OZ,600.0,Caja de 12,9.29,5574.0,2026-08-25 20:30:28
S00143,[PTEXP002] SOURSOP PULP 12 X 14 OZ,[PTEXP002] SOURSOP PULP 12 X 14 OZ,1470.0,Caja de 12,15.77,23181.9,2026-08-25 20:30:28
S00143,[PTEXP008] PAPAYA PULP 12 X 14 OZ,[PTEXP008] PAPAYA PULP 12 X 14 OZ,420.0,Caja de 12,10.91,4582.2,2026-08-25 20:30:28
S00143,[PTEXP006] TAMARILLO PULP 12 X 14 OZ,[PTEXP006] TAMARILLO PULP 12 X 14 OZ,210.0,Caja de 12,10.53,2211.3,2026-08-25 20:30:28
S00143,[PTEXP007] PASSION FRUIT PULP 12 X 14 OZ,[PTEXP007] PASSION FRUIT PULP 12 X 14 OZ,660.0,Caja de 12,18.58,12262.8,2026-08-25 20:30:28
S00143,[PTEXP009] PINEAPPLE PULP 12 X 14 OZ,[PTEXP009] PINEAPPLE PULP 12 X 14 OZ,420.0,Caja de 12,8.48,3561.6,2026-08-25 20:30:28
S00142,[SALS007] SALSA DE CHOCOLATE 1 KG,[SALS007] SALSA DE CHOCOLATE 1 KG,304.0,kg,3.87,1176.48,2026-08-25 20:30:28
S00141,[PULP025] PULPA DE MANGO 16 KG,[PULP025] PULPA DE MANGO 16 KG,144.0,kg,1.37,197.28,2026-08-25 20:30:28
S00140,[TOPP002] TOPPING DE PIÑA 20BX 2 KG,[TOPP002] TOPPING DE PIÑA 20BX 2 KG,46.0,kg,4.24,195.04,2026-08-25 20:30:28
S00139,[SALS008] SALSA LISA DE FRESA ,[SALS008] SALSA LISA DE FRESA ,705.0,kg,2.75,1938.75,2026-08-25 20:30:28
S00139,[SALS009] SALSA DE ARANDANO,[SALS009] SALSA DE ARANDANO,510.0,kg,11.86,6048.6,2026-08-25 20:30:28
S00139,[SALS006] SALSA DE FRESA EDULCORADA 15 KG,[SALS006] SALSA DE FRESA EDULCORADA 15 KG,900.0,kg,2.68,2412.0,2026-08-25 20:30:28
S00138,[SALS005] SALSA DE DURAZNO EDULCORADA 15 KG,[SALS005] SALSA DE DURAZNO EDULCORADA 15 KG,360.0,kg,3.74,1346.4,2026-08-25 20:30:28
S00137,[TOPP008] TOPPING DE FRUTILLA 12 BX,[TOPP008] TOPPING DE FRUTILLA 12 BX,546.0,kg,4.08,2227.68,2026-08-25 20:30:28
S00137,[TOPP002] TOPPING DE PIÑA 20BX 2 KG,[TOPP002] TOPPING DE PIÑA 20BX 2 KG,46.0,kg,4.24,195.04,2026-08-25 20:30:28
S00137,[PULP011] PULPA DE ARANDANO 8 KG,[PULP011] PULPA DE ARANDANO 8 KG,144.0,kg,8.58,1235.52,2026-08-25 20:30:28
S00137,[PULP006] PULPA DE FRESA 12 KG,[PULP006] PULPA DE FRESA 12 KG,84.0,kg,2.48,208.32,2026-08-25 20:30:28
S00137,[PULP020] PULPA DE MORA 14KG,[PULP020] PULPA DE MORA 14KG,392.0,kg,2.75,1078.0,2026-08-25 20:30:28
S00137,[PULP002] PULPA DE MORA 41 BX 12 KG,[PULP002] PULPA DE MORA 41 BX 12 KG,96.0,kg,4.04,387.84,2026-08-25 20:30:28
S00136,[PTEXP014] Maracuyá C/ Pepas x 500 gr (CAJAS 10 UDS),[PTEXP014] Maracuyá C/ Pepas x 500 gr (CAJAS 10 UDS),3960.0,Units,1.93,7642.8,2026-08-25 20:30:28
S00136,[PTEXP017] Pulpa Guayaba America x 250 gr (CAJAS 10 UDS),[PTEXP017] Pulpa Guayaba America x 250 gr (CAJAS 10 UDS),10260.0,Units,0.45,4617.0,2026-08-25 20:30:28
S00136,[PTEXP019] Pulpa Lulo America x 250 gr (CAJAS 10 UDS),[PTEXP019] Pulpa Lulo America x 250 gr (CAJAS 10 UDS),17100.0,Units,0.6,10260.0,2026-08-25 20:30:28
S00136,[PTEXP015] Pulpa Maracuyá America x 250 gr (CAJAS 10 UDS),[PTEXP015] Pulpa Maracuyá America x 250 gr (CAJAS 10 UDS),6840.0,Units,0.93,6361.2,2026-08-25 20:30:28
S00136,[PTEXP020] Pulpa Tamarindo America x 250 gr (CAJAS 10 UDS),[PTEXP020] Pulpa Tamarindo America x 250 gr (CAJAS 10 UDS),13680.0,Units,0.67,9165.6,2026-08-25 20:30:28
S00136,[PTEXP021] Tomate Arbol Congelado América x 500gr (Cajas de 12 uds),[PTEXP021] Tomate Arbol Congelado América x 500gr (Cajas de 12 uds),3168.0,Units,1.35,4276.8,2026-08-25 20:30:28
S00136,[PTEXP013] Pulpa Tomate de Árbol America x 250 gr (CAJAS 10 UDS),[PTEXP013] Pulpa Tomate de Árbol America x 250 gr (CAJAS 10 UDS),6840.0,Units,0.56,3830.4,2026-08-25 20:30:28
S00136,[PTEXP018] Pulpa Guanabana America x 250 gr (CAJAS 10 UDS),[PTEXP018] Pulpa Guanabana America x 250 gr (CAJAS 10 UDS),10260.0,Units,0.89,9131.4,2026-08-25 20:30:28
S00135,[PTEXP021] Tomate Arbol Congelado América x 500gr (Cajas de 12 uds),[PTEXP021] Tomate Arbol Congelado América x 500gr (Cajas de 12 uds),4752.0,Units,1.32,6272.64,2026-08-25 20:30:28
S00135,[PTEXP020] Pulpa Tamarindo America x 250 gr (CAJAS 10 UDS),[PTEXP020] Pulpa Tamarindo America x 250 gr (CAJAS 10 UDS),17100.0,Units,0.65,11115.0,2026-08-25 20:30:28
S00135,[PTEXP013] Pulpa Tomate de Árbol America x 250 gr (CAJAS 10 UDS),[PTEXP013] Pulpa Tomate de Árbol America x 250 gr (CAJAS 10 UDS),13680.0,Units,0.53,7250.4,2026-08-25 20:30:28
S00135,[PTEXP019] Pulpa Lulo America x 250 gr (CAJAS 10 UDS),[PTEXP019] Pulpa Lulo America x 250 gr (CAJAS 10 UDS),13680.0,Units,0.57,7797.6,2026-08-25 20:30:28
S00135,[PTEXP012] Pulpa Mango America x 250 gr (CAJAS 10 UDS),[PTEXP012] Pulpa Mango America x 250 gr (CAJAS 10 UDS),17100.0,Units,0.43,7353.0,2026-08-25 20:30:28
S00135,[PTEXP017] Pulpa Guayaba America x 250 gr (CAJAS 10 UDS),[PTEXP017] Pulpa Guayaba America x 250 gr (CAJAS 10 UDS),3420.0,Units,0.42,1436.4,2026-08-25 20:30:28
S00135,[PTEXP018] Pulpa Guanabana America x 250 gr (CAJAS 10 UDS),[PTEXP018] Pulpa Guanabana America x 250 gr (CAJAS 10 UDS),3420.0,Units,0.86,2941.2,2026-08-25 20:30:28
S00134,[PTEXP021] Tomate Arbol Congelado América x 500gr (Cajas de 12 uds),[PTEXP021] Tomate Arbol Congelado América x 500gr (Cajas de 12 uds),3168.0,Units,1.32,4181.76,2026-08-25 20:30:28
S00134,[PTEXP019] Pulpa Lulo America x 250 gr (CAJAS 10 UDS),[PTEXP019] Pulpa Lulo America x 250 gr (CAJAS 10 UDS),13680.0,Units,0.57,7797.6,2026-08-25 20:30:28
S00134,[PTEXP018] Pulpa Guanabana America x 250 gr (CAJAS 10 UDS),[PTEXP018] Pulpa Guanabana America x 250 gr (CAJAS 10 UDS),17100.0,Units,0.86,14706.0,2026-08-25 20:30:28
S00134,[PTEXP013] Pulpa Tomate de Árbol America x 250 gr (CAJAS 10 UDS),[PTEXP013] Pulpa Tomate de Árbol America x 250 gr (CAJAS 10 UDS),6840.0,Units,0.53,3625.2,2026-08-25 20:30:28
S00134,[PTEXP012] Pulpa Mango America x 250 gr (CAJAS 10 UDS),[PTEXP012] Pulpa Mango America x 250 gr (CAJAS 10 UDS),13680.0,Units,0.43,5882.4,2026-08-25 20:30:28
S00134,[PTEXP017] Pulpa Guayaba America x 250 gr (CAJAS 10 UDS),[PTEXP017] Pulpa Guayaba America x 250 gr (CAJAS 10 UDS),6840.0,Units,0.42,2872.8,2026-08-25 20:30:28
S00134,[PTEXP020] Pulpa Tamarindo America x 250 gr (CAJAS 10 UDS),[PTEXP020] Pulpa Tamarindo America x 250 gr (CAJAS 10 UDS),3420.0,Units,0.65,2223.0,2026-08-25 20:30:28
S00134,[PTEXP014] Maracuyá C/ Pepas x 500 gr (CAJAS 10 UDS),[PTEXP014] Maracuyá C/ Pepas x 500 gr (CAJAS 10 UDS),3960.0,Units,1.88,7444.8,2026-08-25 20:30:28
S00134,[PTEXP015] Pulpa Maracuyá America x 250 gr (CAJAS 10 UDS),[PTEXP015] Pulpa Maracuyá America x 250 gr (CAJAS 10 UDS),3420.0,Units,0.9,3078.0,2026-08-25 20:30:28
S00133,[PULP025] PULPA DE MANGO 16 KG,[PULP025] PULPA DE MANGO 16 KG,144.0,kg,1.37,197.28,2026-08-25 20:30:28
S00132,[SALS007] SALSA DE CHOCOLATE 1 KG,[SALS007] SALSA DE CHOCOLATE 1 KG,1000.0,kg,3.87,3870.0,2026-08-25 20:30:28
S00100,[SW001] SWIRL DE MORA 20 KG,[SW001] SWIRL DE MORA 20 KG,1940.0,kg,1.93,3744.2,2026-08-25 20:30:28
S00100,[PULP004] PULPA DE MORA CON PEPAS 18 KG,[PULP004] PULPA DE MORA CON PEPAS 18 KG,0.0,kg,2.76,0.0,2026-08-25 20:30:28
S00100,[PULP004] PULPA DE MORA CON PEPAS 18 KG,[PULP004] PULPA DE MORA CON PEPAS 18 KG,1206.0,kg,2.76,3328.56,2026-08-25 20:30:28
S00100,[PULP001] COCO RALLADO 20 KG,[PULP001] COCO RALLADO 20 KG,4240.0,kg,4.0,16960.0,2026-08-25 20:30:28
S00131,[TOPP008] TOPPING DE FRUTILLA 12 BX,[TOPP008] TOPPING DE FRUTILLA 12 BX,588.0,kg,4.08,2399.04,2026-08-25 20:30:28
S00131,[TOPP002] TOPPING DE PIÑA 20BX 2 KG,[TOPP002] TOPPING DE PIÑA 20BX 2 KG,46.0,kg,4.24,195.04,2026-08-25 20:30:28
S00131,[PULP011] PULPA DE ARANDANO 8 KG,[PULP011] PULPA DE ARANDANO 8 KG,144.0,kg,8.58,1235.52,2026-08-25 20:30:28
S00131,[PULP006] PULPA DE FRESA 12 KG,[PULP006] PULPA DE FRESA 12 KG,84.0,kg,2.48,208.32,2026-08-25 20:30:28
S00131,[PULP020] PULPA DE MORA 14KG,[PULP020] PULPA DE MORA 14KG,476.0,kg,2.75,1309.0,2026-08-25 20:30:28
S00131,[PULP002] PULPA DE MORA 41 BX 12 KG,[PULP002] PULPA DE MORA 41 BX 12 KG,96.0,kg,4.04,387.84,2026-08-25 20:30:28
S00130,[PULP004] PULPA DE MORA CON PEPAS 18 KG,[PULP004] PULPA DE MORA CON PEPAS 18 KG,2070.0,kg,2.76,5713.2,2026-08-25 20:30:28
S00130,[PULP001] COCO RALLADO 20 KG,[PULP001] COCO RALLADO 20 KG,2240.0,kg,4.0,8960.0,2026-08-25 20:30:28
S00129,[PULP011] PULPA DE ARANDANO 8 KG,[PULP011] PULPA DE ARANDANO 8 KG,144.0,kg,8.58,1235.52,2026-08-25 20:30:28
S00128,[PTEXP003] NARANJILLA PULP 12 X 14 OZ,[PTEXP003] NARANJILLA PULP 12 X 14 OZ,200.0,Caja de 12,10.96,2192.0,2026-08-25 20:30:28
S00128,[PTEXP004] GUAVA PULP 12 X 14 OZ,[PTEXP004] GUAVA PULP 12 X 14 OZ,1200.0,Caja de 12,9.29,11148.0,2026-08-25 20:30:28
S00128,[PTEXP002] SOURSOP PULP 12 X 14 OZ,[PTEXP002] SOURSOP PULP 12 X 14 OZ,2200.0,Caja de 12,15.77,34694.0,2026-08-25 20:30:28
S00128,[PTEXP008] PAPAYA PULP 12 X 14 OZ,[PTEXP008] PAPAYA PULP 12 X 14 OZ,200.0,Caja de 12,10.91,2182.0,2026-08-25 20:30:28
S00128,[PTEXP009] PINEAPPLE PULP 12 X 14 OZ,[PTEXP009] PINEAPPLE PULP 12 X 14 OZ,200.0,Caja de 12,8.48,1696.0,2026-08-25 20:30:28
S00127,[PTEXP015] Pulpa Maracuyá America x 250 gr (CAJAS 10 UDS),[PTEXP015] Pulpa Maracuyá America x 250 gr (CAJAS 10 UDS),13680.0,Units,0.9,12312.0,2026-08-25 20:30:28
S00127,[PTEXP012] Pulpa Mango America x 250 gr (CAJAS 10 UDS),[PTEXP012] Pulpa Mango America x 250 gr (CAJAS 10 UDS),13680.0,Units,0.43,5882.4,2026-08-25 20:30:28
S00127,[PTEXP017] Pulpa Guayaba America x 250 gr (CAJAS 10 UDS),[PTEXP017] Pulpa Guayaba America x 250 gr (CAJAS 10 UDS),10260.0,Units,0.42,4309.2,2026-08-25 20:30:28
S00127,[PTEXP019] Pulpa Lulo America x 250 gr (CAJAS 10 UDS),[PTEXP019] Pulpa Lulo America x 250 gr (CAJAS 10 UDS),10260.0,Units,0.57,5848.2,2026-08-25 20:30:28
S00127,[PTEXP014] Maracuyá C/ Pepas x 500 gr (CAJAS 10 UDS),[PTEXP014] Maracuyá C/ Pepas x 500 gr (CAJAS 10 UDS),1980.0,Units,1.88,3722.4,2026-08-25 20:30:28
S00127,[PTEXP018] Pulpa Guanabana America x 250 gr (CAJAS 10 UDS),[PTEXP018] Pulpa Guanabana America x 250 gr (CAJAS 10 UDS),17100.0,Units,0.86,14706.0,2026-08-25 20:30:28
S00127,[PTEXP020] Pulpa Tamarindo America x 250 gr (CAJAS 10 UDS),[PTEXP020] Pulpa Tamarindo America x 250 gr (CAJAS 10 UDS),10260.0,Units,0.65,6669.0,2026-08-25 20:30:28
S00126,[PULP009] PULPA DE PAPAYA 16 KG,[PULP009] PULPA DE PAPAYA 16 KG,320.0,kg,2.1,672.0,2026-08-25 20:30:28
S00126,[PULP010] PULPA DE MARACUYA 10 KG,[PULP010] PULPA DE MARACUYA 10 KG,10.0,kg,3.45,34.5,2026-08-25 20:30:28
S00126,[PULP012] PULPA DE TOMATE DE ARBOL 16 KG,[PULP012] PULPA DE TOMATE DE ARBOL 16 KG,1504.0,kg,2.62,3940.48,2026-08-25 20:30:28
S00125,[SALS007] SALSA DE CHOCOLATE 1 KG,[SALS007] SALSA DE CHOCOLATE 1 KG,400.0,kg,3.79,1516.0,2026-08-25 20:30:28
S00124,[PULP025] PULPA DE MANGO 16 KG,[PULP025] PULPA DE MANGO 16 KG,144.0,kg,1.37,197.28,2026-08-25 20:30:28
S00123,[TOPP008] TOPPING DE FRUTILLA 12 BX,[TOPP008] TOPPING DE FRUTILLA 12 BX,546.0,kg,4.0,2184.0,2026-08-25 20:30:28
S00123,[TOPP002] TOPPING DE PIÑA 20BX 2 KG,[TOPP002] TOPPING DE PIÑA 20BX 2 KG,46.0,kg,4.16,191.36,2026-08-25 20:30:28
S00123,[PULP006] PULPA DE FRESA 12 KG,[PULP006] PULPA DE FRESA 12 KG,84.0,kg,2.4,201.6,2026-08-25 20:30:28
S00118,[PULP005] PULPA DE NARANJILLA 16 KG,[PULP005] PULPA DE NARANJILLA 16 KG,1520.0,kg,3.0,4560.0,2026-08-25 20:30:28
S00118,[PULP017] PULPA DE MORA 16 KG,[PULP017] PULPA DE MORA 16 KG,1696.0,kg,3.09,5240.64,2026-08-25 20:30:28
S00118,[PULP016] PULPA DE FRESA 16 KG,[PULP016] PULPA DE FRESA 16 KG,1168.0,kg,2.7,3153.6,2026-08-25 20:30:28
S00122,[TOPP002] TOPPING DE PIÑA 20BX 2 KG,[TOPP002] TOPPING DE PIÑA 20BX 2 KG,20.0,kg,4.16,83.2,2026-08-25 20:30:28
S00116,[SALS006] SALSA DE FRESA EDULCORADA 15 KG,[SALS006] SALSA DE FRESA EDULCORADA 15 KG,855.0,kg,2.68,2291.4,2026-08-25 20:30:28
S00116,[SALS004] SALSA DE MORA EDULCORADA 15 KG,[SALS004] SALSA DE MORA EDULCORADA 15 KG,780.0,kg,3.52,2745.6,2026-08-25 20:30:28
S00116,[SALS008] SALSA LISA DE FRESA ,[SALS008] SALSA LISA DE FRESA ,480.0,kg,2.75,1320.0,2026-08-25 20:30:28
S00117,[SALS005] SALSA DE DURAZNO EDULCORADA 15 KG,[SALS005] SALSA DE DURAZNO EDULCORADA 15 KG,630.0,kg,3.79,2387.7,2026-08-25 20:30:28
S00120,[PTEXP015] Pulpa Maracuyá America x 250 gr (CAJAS 10 UDS),[PTEXP015] Pulpa Maracuyá America x 250 gr (CAJAS 10 UDS),13680.0,Units,0.9,12312.0,2026-08-25 20:30:28
S00120,[PTEXP012] Pulpa Mango America x 250 gr (CAJAS 10 UDS),[PTEXP012] Pulpa Mango America x 250 gr (CAJAS 10 UDS),27360.0,Units,0.43,11764.8,2026-08-25 20:30:28
S00120,[PTEXP017] Pulpa Guayaba America x 250 gr (CAJAS 10 UDS),[PTEXP017] Pulpa Guayaba America x 250 gr (CAJAS 10 UDS),3420.0,Units,0.42,1436.4,2026-08-25 20:30:28
S00120,[PTEXP019] Pulpa Lulo America x 250 gr (CAJAS 10 UDS),[PTEXP019] Pulpa Lulo America x 250 gr (CAJAS 10 UDS),13680.0,Units,0.57,7797.6,2026-08-25 20:30:28
S00120,[PTEXP014] Maracuyá C/ Pepas x 500 gr (CAJAS 10 UDS),[PTEXP014] Maracuyá C/ Pepas x 500 gr (CAJAS 10 UDS),1980.0,Units,1.88,3722.4,2026-08-25 20:30:28
S00120,[PTEXP018] Pulpa Guanabana America x 250 gr (CAJAS 10 UDS),[PTEXP018] Pulpa Guanabana America x 250 gr (CAJAS 10 UDS),6840.0,Units,0.86,5882.4,2026-08-25 20:30:28
S00120,[PTEXP020] Pulpa Tamarindo America x 250 gr (CAJAS 10 UDS),[PTEXP020] Pulpa Tamarindo America x 250 gr (CAJAS 10 UDS),6840.0,Units,0.65,4446.0,2026-08-25 20:30:28
S00120,[PTEXP013] Pulpa Tomate de Árbol America x 250 gr (CAJAS 10 UDS),[PTEXP013] Pulpa Tomate de Árbol America x 250 gr (CAJAS 10 UDS),3420.0,Units,0.53,1812.6,2026-08-25 20:30:28
S00113,[PULP025] PULPA DE MANGO 16 KG,[PULP025] PULPA DE MANGO 16 KG,160.0,kg,1.85,296.0,2026-08-25 20:30:28
S00114,[PULP023] PULPA DE NARANJILLA 150 g,[PULP023] PULPA DE NARANJILLA 150 g,600.0,Units,0.54,324.0,2026-08-25 20:30:28
S00114,[PULP021] PULPA DE MORA 150 g,[PULP021] PULPA DE MORA 150 g,1320.0,Units,0.56,739.2,2026-08-25 20:30:28
S00115,[PULP024] PULPA DE LIMON 150 g,[PULP024] PULPA DE LIMON 150 g,1464.0,Units,0.65,951.6,2026-08-25 20:30:28
S00112,[TOPP008] TOPPING DE FRUTILLA 12 BX,[TOPP008] TOPPING DE FRUTILLA 12 BX,588.0,kg,4.0,2352.0,2026-08-25 20:30:28
S00112,[PULP011] PULPA DE ARANDANO 8 KG,[PULP011] PULPA DE ARANDANO 8 KG,144.0,kg,8.5,1224.0,2026-08-25 20:30:28
S00112,[PULP006] PULPA DE FRESA 12 KG,[PULP006] PULPA DE FRESA 12 KG,84.0,kg,2.4,201.6,2026-08-25 20:30:28
S00112,[PULP020] PULPA DE MORA 14KG,[PULP020] PULPA DE MORA 14KG,476.0,kg,2.68,1275.68,2026-08-25 20:30:28
S00112,[PULP002] PULPA DE MORA 41 BX 12 KG,[PULP002] PULPA DE MORA 41 BX 12 KG,96.0,kg,3.96,380.16,2026-08-25 20:30:28
S00082,[PTEXP029] PULPA DE GUANABANA 250 G X 12 U,[PTEXP029] PULPA DE GUANABANA 250 G X 12 U,0.0,Caja de 12,0.0,0.0,2026-08-25 20:30:28
S00082,[PTEXP026] PULPA DE GUAYABA 250 G X 12 U,[PTEXP026] PULPA DE GUAYABA 250 G X 12 U,0.0,Caja de 12,0.0,0.0,2026-08-25 20:30:28
S00082,[PTEXP025] PULPA DE MORA 250 G X 12 U,[PTEXP025] PULPA DE MORA 250 G X 12 U,0.0,Caja de 12,0.0,0.0,2026-08-25 20:30:28
S00082,[PTEXP031] PULPA DE TOMATE DE ARBOL 250 G X 12 U,[PTEXP031] PULPA DE TOMATE DE ARBOL 250 G X 12 U,0.0,Caja de 12,0.0,0.0,2026-08-25 20:30:28
S00082,[PTEXP030] PULPA DE PIÑA CONGELADA 250 G X 12 U,[PTEXP030] PULPA DE PIÑA CONGELADA 250 G X 12 U,720.0,Caja de 12,6.84,4924.8,2026-08-25 20:30:28
S00082,[PTEXP028] PULPA DE PAPAYA 250 G X 12 U,[PTEXP028] PULPA DE PAPAYA 250 G X 12 U,720.0,Caja de 12,8.41,6055.2,2026-08-25 20:30:28
S00082,[PTEXP029] PULPA DE GUANABANA 250 G X 12 U,[PTEXP029] PULPA DE GUANABANA 250 G X 12 U,1440.0,Caja de 12,11.48,16531.2,2026-08-25 20:30:28
S00082,[PTEXP026] PULPA DE GUAYABA 250 G X 12 U,[PTEXP026] PULPA DE GUAYABA 250 G X 12 U,720.0,Caja de 12,6.4,4608.0,2026-08-25 20:30:28
S00082,[PTEXP025] PULPA DE MORA 250 G X 12 U,[PTEXP025] PULPA DE MORA 250 G X 12 U,2880.0,Caja de 12,9.39,27043.2,2026-08-25 20:30:28
S00082,[PTEXP031] PULPA DE TOMATE DE ARBOL 250 G X 12 U,[PTEXP031] PULPA DE TOMATE DE ARBOL 250 G X 12 U,720.0,Caja de 12,7.52,5414.4,2026-08-25 20:30:28
S00110,[PULP005] PULPA DE NARANJILLA 16 KG,[PULP005] PULPA DE NARANJILLA 16 KG,1520.0,kg,3.0,4560.0,2026-08-25 20:30:28
S00109,[PULP025] PULPA DE MANGO 16 KG,[PULP025] PULPA DE MANGO 16 KG,48.0,kg,1.37,65.76,2026-08-25 20:30:28
S00108,[PULP025] PULPA DE MANGO 16 KG,[PULP025] PULPA DE MANGO 16 KG,96.0,kg,1.37,131.52,2026-08-25 20:30:28
S00107,[TOPP008] TOPPING DE FRUTILLA 12 BX,[TOPP008] TOPPING DE FRUTILLA 12 BX,588.0,kg,4.0,2352.0,2026-08-25 20:30:28
S00107,[PULP006] PULPA DE FRESA 12 KG,[PULP006] PULPA DE FRESA 12 KG,84.0,kg,2.4,201.6,2026-08-25 20:30:28
S00107,[PULP020] PULPA DE MORA 14KG,[PULP020] PULPA DE MORA 14KG,476.0,kg,2.68,1275.68,2026-08-25 20:30:28
S00107,[PULP002] PULPA DE MORA 41 BX 12 KG,[PULP002] PULPA DE MORA 41 BX 12 KG,96.0,kg,3.96,380.16,2026-08-25 20:30:28
S00106,[SALS006] SALSA DE FRESA EDULCORADA 15 KG,[SALS006] SALSA DE FRESA EDULCORADA 15 KG,1860.0,kg,2.73,5077.8,2026-08-25 20:30:28
S00106,[SALS005] SALSA DE DURAZNO EDULCORADA 15 KG,[SALS005] SALSA DE DURAZNO EDULCORADA 15 KG,330.0,kg,3.79,1250.7,2026-08-25 20:30:28
S00105,[FRUTP005] FRESA PICADA 16 KG,[FRUTP005] FRESA PICADA 16 KG,1728.0,kg,2.04,3525.12,2026-08-25 20:30:28
S00104,[SALS007] SALSA DE CHOCOLATE 1 KG,[SALS007] SALSA DE CHOCOLATE 1 KG,1000.0,kg,3.79,3790.0,2026-08-25 20:30:28
S00103,[SALS007] SALSA DE CHOCOLATE 1 KG,[SALS007] SALSA DE CHOCOLATE 1 KG,600.0,kg,3.79,2274.0,2026-08-25 20:30:28
S00102,[PULP012] PULPA DE TOMATE DE ARBOL 16 KG,[PULP012] PULPA DE TOMATE DE ARBOL 16 KG,1504.0,kg,2.62,3940.48,2026-08-25 20:30:28
S00102,[PULP009] PULPA DE PAPAYA 16 KG,[PULP009] PULPA DE PAPAYA 16 KG,320.0,kg,2.1,672.0,2026-08-25 20:30:28
S00102,[PULP010] PULPA DE MARACUYA 10 KG,[PULP010] PULPA DE MARACUYA 10 KG,10.0,kg,3.45,34.5,2026-08-25 20:30:28
S00102,[PULP014] PULPA DE PIÑA 16 KG,[PULP014] PULPA DE PIÑA 16 KG,64.0,kg,2.67,170.88,2026-08-25 20:30:28
S00101,[TOPP001] TOPPING DE FRUTILLA 20 BX 14 KG,[TOPP001] TOPPING DE FRUTILLA 20 BX 14 KG,0.0,kg,4.5,0.0,2026-08-25 20:30:28
S00101,[TOPP002] TOPPING DE PIÑA 20BX 2 KG,[TOPP002] TOPPING DE PIÑA 20BX 2 KG,46.0,kg,4.16,191.36,2026-08-25 20:30:28
S00101,[SALS009] SALSA DE ARANDANO,[SALS009] SALSA DE ARANDANO,0.0,kg,11.91,0.0,2026-08-25 20:30:28
S00101,[PULP006] PULPA DE FRESA 12 KG,[PULP006] PULPA DE FRESA 12 KG,76.0,kg,2.4,182.4,2026-08-25 20:30:28
S00101,[PULP020] PULPA DE MORA 14KG,[PULP020] PULPA DE MORA 14KG,476.0,kg,2.68,1275.68,2026-08-25 20:30:28
S00101,[PULP002] PULPA DE MORA 41 BX 12 KG,[PULP002] PULPA DE MORA 41 BX 12 KG,96.0,kg,3.96,380.16,2026-08-25 20:30:28
S00101,[TOPP008] TOPPING DE FRUTILLA 12 BX,[TOPP008] TOPPING DE FRUTILLA 12 BX,588.0,kg,4.5,2646.0,2026-08-25 20:30:28
S00101,[PULP011] PULPA DE ARANDANO 8 KG,[PULP011] PULPA DE ARANDANO 8 KG,144.0,kg,8.5,1224.0,2026-08-25 20:30:28
S00098,[FRUTP005] FRESA PICADA 16 KG,[FRUTP005] FRESA PICADA 16 KG,2304.0,kg,2.04,4700.16,2026-08-25 20:30:28
S00096,[PTEXP003] NARANJILLA PULP 12 X 14 OZ,[PTEXP003] NARANJILLA PULP 12 X 14 OZ,0.0,Caja de 12,0.0,0.0,2026-08-25 20:30:28
S00096,[PTEXP004] GUAVA PULP 12 X 14 OZ,[PTEXP004] GUAVA PULP 12 X 14 OZ,0.0,Caja de 12,0.0,0.0,2026-08-25 20:30:28
S00096,[PTEXP002] SOURSOP PULP 12 X 14 OZ,[PTEXP002] SOURSOP PULP 12 X 14 OZ,0.0,Caja de 12,0.0,0.0,2026-08-25 20:30:28
S00096,[PTEXP008] PAPAYA PULP 12 X 14 OZ,[PTEXP008] PAPAYA PULP 12 X 14 OZ,0.0,Caja de 12,0.0,0.0,2026-08-25 20:30:28
S00096,[PTEXP001] MANGO PULP 12 X 14 OZ,[PTEXP001] MANGO PULP 12 X 14 OZ,0.0,Caja de 12,0.0,0.0,2026-08-25 20:30:28
S00096,[PTEXP009] PINEAPPLE PULP 12 X 14 OZ,[PTEXP009] PINEAPPLE PULP 12 X 14 OZ,0.0,Caja de 12,0.0,0.0,2026-08-25 20:30:28
S00096,[PTEXP003] NARANJILLA PULP 12 X 14 OZ,[PTEXP003] NARANJILLA PULP 12 X 14 OZ,100.0,Caja de 12,10.96,1096.0,2026-08-25 20:30:28
S00096,[PTEXP004] GUAVA PULP 12 X 14 OZ,[PTEXP004] GUAVA PULP 12 X 14 OZ,900.0,Caja de 12,9.29,8361.0,2026-08-25 20:30:28
S00096,[PTEXP002] SOURSOP PULP 12 X 14 OZ,[PTEXP002] SOURSOP PULP 12 X 14 OZ,1600.0,Caja de 12,15.77,25232.0,2026-08-25 20:30:28
S00096,[PTEXP008] PAPAYA PULP 12 X 14 OZ,[PTEXP008] PAPAYA PULP 12 X 14 OZ,300.0,Caja de 12,10.91,3273.0,2026-08-25 20:30:28
S00096,[PTEXP001] MANGO PULP 12 X 14 OZ,[PTEXP001] MANGO PULP 12 X 14 OZ,1000.0,Caja de 12,9.15,9150.0,2026-08-25 20:30:28
S00096,[PTEXP009] PINEAPPLE PULP 12 X 14 OZ,[PTEXP009] PINEAPPLE PULP 12 X 14 OZ,300.0,Caja de 12,8.48,2544.0,2026-08-25 20:30:28
S00095,[PTEXP003] NARANJILLA PULP 12 X 14 OZ,[PTEXP003] NARANJILLA PULP 12 X 14 OZ,0.0,Caja de 12,0.0,0.0,2026-08-25 20:30:28
S00095,[PTEXP004] GUAVA PULP 12 X 14 OZ,[PTEXP004] GUAVA PULP 12 X 14 OZ,0.0,Caja de 12,0.0,0.0,2026-08-25 20:30:28
S00095,[PTEXP008] PAPAYA PULP 12 X 14 OZ,[PTEXP008] PAPAYA PULP 12 X 14 OZ,0.0,Caja de 12,0.0,0.0,2026-08-25 20:30:28
S00095,[PTEXP001] MANGO PULP 12 X 14 OZ,[PTEXP001] MANGO PULP 12 X 14 OZ,0.0,Caja de 12,0.0,0.0,2026-08-25 20:30:28
S00095,[PTEXP006] TAMARILLO PULP 12 X 14 OZ,[PTEXP006] TAMARILLO PULP 12 X 14 OZ,0.0,Caja de 12,0.0,0.0,2026-08-25 20:30:28
S00095,[PTEXP007] PASSION FRUIT PULP 12 X 14 OZ,[PTEXP007] PASSION FRUIT PULP 12 X 14 OZ,0.0,Caja de 12,0.0,0.0,2026-08-25 20:30:28
S00095,[PTEXP009] PINEAPPLE PULP 12 X 14 OZ,[PTEXP009] PINEAPPLE PULP 12 X 14 OZ,0.0,Caja de 12,0.0,0.0,2026-08-25 20:30:28
S00095,[PTEXP003] NARANJILLA PULP 12 X 14 OZ,[PTEXP003] NARANJILLA PULP 12 X 14 OZ,450.0,Caja de 12,10.96,4932.0,2026-08-25 20:30:28
S00095,[PTEXP004] GUAVA PULP 12 X 14 OZ,[PTEXP004] GUAVA PULP 12 X 14 OZ,1300.0,Caja de 12,9.29,12077.0,2026-08-25 20:30:28
S00095,[PTEXP008] PAPAYA PULP 12 X 14 OZ,[PTEXP008] PAPAYA PULP 12 X 14 OZ,100.0,Caja de 12,10.91,1091.0,2026-08-25 20:30:28
S00095,[PTEXP001] MANGO PULP 12 X 14 OZ,[PTEXP001] MANGO PULP 12 X 14 OZ,910.0,Caja de 12,9.15,8326.5,2026-08-25 20:30:28
S00095,[PTEXP006] TAMARILLO PULP 12 X 14 OZ,[PTEXP006] TAMARILLO PULP 12 X 14 OZ,100.0,Caja de 12,10.53,1053.0,2026-08-25 20:30:28
S00095,[PTEXP007] PASSION FRUIT PULP 12 X 14 OZ,[PTEXP007] PASSION FRUIT PULP 12 X 14 OZ,840.0,Caja de 12,18.58,15607.2,2026-08-25 20:30:28
S00095,[PTEXP009] PINEAPPLE PULP 12 X 14 OZ,[PTEXP009] PINEAPPLE PULP 12 X 14 OZ,500.0,Caja de 12,8.48,4240.0,2026-08-25 20:30:28
S00094,[SALS004] SALSA DE MORA EDULCORADA 15 KG,[SALS004] SALSA DE MORA EDULCORADA 15 KG,855.0,kg,3.52,3009.6,2026-08-25 20:30:28
S00093,[PTEXP012] Pulpa Mango America x 250 gr (CAJAS 10 UDS),[PTEXP012] Pulpa Mango America x 250 gr (CAJAS 10 UDS),23940.0,Units,0.43,10294.2,2026-08-25 20:30:28
S00093,[PTEXP019] Pulpa Lulo America x 250 gr (CAJAS 10 UDS),[PTEXP019] Pulpa Lulo America x 250 gr (CAJAS 10 UDS),13680.0,Units,0.57,7797.6,2026-08-25 20:30:28
S00093,[PTEXP015] Pulpa Maracuyá America x 250 gr (CAJAS 10 UDS),[PTEXP015] Pulpa Maracuyá America x 250 gr (CAJAS 10 UDS),6840.0,Units,0.9,6156.0,2026-08-25 20:30:28
S00093,[PTEXP018] Pulpa Guanabana America x 250 gr (CAJAS 10 UDS),[PTEXP018] Pulpa Guanabana America x 250 gr (CAJAS 10 UDS),13680.0,Units,0.86,11764.8,2026-08-25 20:30:28
S00093,[PTEXP020] Pulpa Tamarindo America x 250 gr (CAJAS 10 UDS),[PTEXP020] Pulpa Tamarindo America x 250 gr (CAJAS 10 UDS),6840.0,Units,0.65,4446.0,2026-08-25 20:30:28
S00093,[PTEXP014] Maracuyá C/ Pepas x 500 gr (CAJAS 10 UDS),[PTEXP014] Maracuyá C/ Pepas x 500 gr (CAJAS 10 UDS),3960.0,Units,1.88,7444.8,2026-08-25 20:30:28
S00093,[PTEXP017] Pulpa Guayaba America x 250 gr (CAJAS 10 UDS),[PTEXP017] Pulpa Guayaba America x 250 gr (CAJAS 10 UDS),3420.0,Units,0.42,1436.4,2026-08-25 20:30:28
S00093,[PTEXP013] Pulpa Tomate de Árbol America x 250 gr (CAJAS 10 UDS),[PTEXP013] Pulpa Tomate de Árbol America x 250 gr (CAJAS 10 UDS),3420.0,Units,0.53,1812.6,2026-08-25 20:30:28
S00092,[SW001] SWIRL DE MORA 20 KG,[SW001] SWIRL DE MORA 20 KG,1500.0,kg,1.93,2895.0,2026-08-25 20:30:28
S00092,[SW001] SWIRL DE MORA 20 KG,[SW001] SWIRL DE MORA 20 KG,0.0,kg,1.93,0.0,2026-08-25 20:30:28
S00092,[PULP004] PULPA DE MORA CON PEPAS 18 KG,[PULP004] PULPA DE MORA CON PEPAS 18 KG,0.0,kg,2.76,0.0,2026-08-25 20:30:28
S00092,[PULP001] COCO RALLADO 20 KG,[PULP001] COCO RALLADO 20 KG,0.0,kg,4.0,0.0,2026-08-25 20:30:28
S00092,[PULP004] PULPA DE MORA CON PEPAS 18 KG,[PULP004] PULPA DE MORA CON PEPAS 18 KG,4500.0,kg,2.76,12420.0,2026-08-25 20:30:28
S00092,[PULP001] COCO RALLADO 20 KG,[PULP001] COCO RALLADO 20 KG,4240.0,kg,4.0,16960.0,2026-08-25 20:30:28
S00091,[PULP025] PULPA DE MANGO 16 KG,[PULP025] PULPA DE MANGO 16 KG,272.0,kg,1.37,372.64,2026-08-25 20:30:28
S00090,[SALS006] SALSA DE FRESA EDULCORADA 15 KG,[SALS006] SALSA DE FRESA EDULCORADA 15 KG,1530.0,kg,2.73,4176.9,2026-08-25 20:30:28
S00090,[SALS008] SALSA LISA DE FRESA ,[SALS008] SALSA LISA DE FRESA ,1140.0,kg,2.8,3192.0,2026-08-25 20:30:28
S00090,[SALS009] SALSA DE ARANDANO,[SALS009] SALSA DE ARANDANO,1500.0,kg,11.91,17865.0,2026-08-25 20:30:28
S00087,[PULP017] PULPA DE MORA 16 KG,[PULP017] PULPA DE MORA 16 KG,1504.0,kg,3.09,4647.36,2026-08-25 20:30:28
S00087,[PULP005] PULPA DE NARANJILLA 16 KG,[PULP005] PULPA DE NARANJILLA 16 KG,304.0,kg,3.0,912.0,2026-08-25 20:30:28
S00087,[PULP016] PULPA DE FRESA 16 KG,[PULP016] PULPA DE FRESA 16 KG,1200.0,kg,2.7,3240.0,2026-08-25 20:30:28
S00086,[PULP011] PULPA DE ARANDANO 8 KG,[PULP011] PULPA DE ARANDANO 8 KG,144.0,kg,8.5,1224.0,2026-08-25 20:30:28
S00085,[SALS007] SALSA DE CHOCOLATE 1 KG,[SALS007] SALSA DE CHOCOLATE 1 KG,1000.0,kg,3.79,3790.0,2026-08-25 20:30:28
S00054,[PTEXP004] GUAVA PULP 12 X 14 OZ,[PTEXP004] GUAVA PULP 12 X 14 OZ,0.0,Caja de 12,0.0,0.0,2026-08-25 20:30:28
S00054,[PTEXP001] MANGO PULP 12 X 14 OZ,[PTEXP001] MANGO PULP 12 X 14 OZ,0.0,Caja de 12,0.0,0.0,2026-08-25 20:30:28
S00054,[PTEXP003] NARANJILLA PULP 12 X 14 OZ,[PTEXP003] NARANJILLA PULP 12 X 14 OZ,0.0,Caja de 12,0.0,0.0,2026-08-25 20:30:28
S00054,[PTEXP009] PINEAPPLE PULP 12 X 14 OZ,[PTEXP009] PINEAPPLE PULP 12 X 14 OZ,0.0,Caja de 12,0.0,0.0,2026-08-25 20:30:28
S00054,[PTEXP005] BLACKBERRY PULP 12 X 14 OZ,[PTEXP005] BLACKBERRY PULP 12 X 14 OZ,0.0,Caja de 12,13.96,0.0,2026-08-25 20:30:28
S00054,[PTEXP003] NARANJILLA PULP 12 X 14 OZ,[PTEXP003] NARANJILLA PULP 12 X 14 OZ,200.0,Caja de 12,10.96,2192.0,2026-08-25 20:30:28
S00054,[PTEXP004] GUAVA PULP 12 X 14 OZ,[PTEXP004] GUAVA PULP 12 X 14 OZ,1500.0,Caja de 12,9.29,13935.0,2026-08-25 20:30:28
S00054,[PTEXP002] SOURSOP PULP 12 X 14 OZ,[PTEXP002] SOURSOP PULP 12 X 14 OZ,2100.0,Caja de 12,15.77,33117.0,2026-08-25 20:30:28
S00054,[PTEXP009] PINEAPPLE PULP 12 X 14 OZ,[PTEXP009] PINEAPPLE PULP 12 X 14 OZ,200.0,Caja de 12,8.48,1696.0,2026-08-25 20:30:28
S00054,[PTEXP001] MANGO PULP 12 X 14 OZ,[PTEXP001] MANGO PULP 12 X 14 OZ,200.0,Caja de 12,9.15,1830.0,2026-08-25 20:30:28
S00083,[PULP025] PULPA DE MANGO 16 KG,[PULP025] PULPA DE MANGO 16 KG,512.0,kg,1.37,701.44,2026-08-25 20:30:28
S00081,[FRUTP005] FRESA PICADA 16 KG,[FRUTP005] FRESA PICADA 16 KG,576.0,kg,2.04,1175.04,2026-08-25 20:30:28
S00080,[FRUTP005] FRESA PICADA 16 KG,[FRUTP005] FRESA PICADA 16 KG,1728.0,kg,2.04,3525.12,2026-08-25 20:30:28
S00079,[PTEXP002] SOURSOP PULP 12 X 14 OZ,[PTEXP002] SOURSOP PULP 12 X 14 OZ,0.0,Caja de 12,0.0,0.0,2026-08-25 20:30:28
S00079,[PTEXP008] PAPAYA PULP 12 X 14 OZ,[PTEXP008] PAPAYA PULP 12 X 14 OZ,0.0,Caja de 12,0.0,0.0,2026-08-25 20:30:28
S00079,[PTEXP004] GUAVA PULP 12 X 14 OZ,[PTEXP004] GUAVA PULP 12 X 14 OZ,0.0,Caja de 12,0.0,0.0,2026-08-25 20:30:28
S00079,[PTEXP004] GUAVA PULP 12 X 14 OZ,[PTEXP004] GUAVA PULP 12 X 14 OZ,1470.0,Caja de 12,9.29,13656.3,2026-08-25 20:30:28
S00079,[PTEXP002] SOURSOP PULP 12 X 14 OZ,[PTEXP002] SOURSOP PULP 12 X 14 OZ,1680.0,Caja de 12,15.77,26493.6,2026-08-25 20:30:28
S00079,[PTEXP008] PAPAYA PULP 12 X 14 OZ,[PTEXP008] PAPAYA PULP 12 X 14 OZ,1050.0,Caja de 12,10.91,11455.5,2026-08-25 20:30:28
S00078,[PULP011] PULPA DE ARANDANO 8 KG,[PULP011] PULPA DE ARANDANO 8 KG,144.0,kg,8.5,1224.0,2026-08-25 20:30:28
S00078,[PULP002] PULPA DE MORA 41 BX 12 KG,[PULP002] PULPA DE MORA 41 BX 12 KG,96.0,kg,3.96,380.16,2026-08-25 20:30:28
S00078,[PULP020] PULPA DE MORA 14KG,[PULP020] PULPA DE MORA 14KG,476.0,kg,2.67,1270.92,2026-08-25 20:30:28
S00078,[TOPP008] TOPPING DE FRUTILLA 12 BX,[TOPP008] TOPPING DE FRUTILLA 12 BX,588.0,kg,4.5,2646.0,2026-08-25 20:30:28
S00078,[TOPP002] TOPPING DE PIÑA 20BX 2 KG,[TOPP002] TOPPING DE PIÑA 20BX 2 KG,46.0,kg,4.16,191.36,2026-08-25 20:30:28
S00078,[PULP006] PULPA DE FRESA 12 KG,[PULP006] PULPA DE FRESA 12 KG,72.0,kg,2.4,172.8,2026-08-25 20:30:28
S00076,[SALS007] SALSA DE CHOCOLATE 1 KG,[SALS007] SALSA DE CHOCOLATE 1 KG,600.0,kg,3.79,2274.0,2026-08-25 20:30:28
S00075,[SALS007] SALSA DE CHOCOLATE 1 KG,[SALS007] SALSA DE CHOCOLATE 1 KG,600.0,kg,3.79,2274.0,2026-08-25 20:30:28
S00074,[PTEXP002] SOURSOP PULP 12 X 14 OZ,[PTEXP002] SOURSOP PULP 12 X 14 OZ,0.0,Caja de 12,0.0,0.0,2026-08-25 20:30:28
S00074,[PTEXP005] BLACKBERRY PULP 12 X 14 OZ,[PTEXP005] BLACKBERRY PULP 12 X 14 OZ,0.0,Caja de 12,0.0,0.0,2026-08-25 20:30:28
S00074,[PTEXP004] GUAVA PULP 12 X 14 OZ,[PTEXP004] GUAVA PULP 12 X 14 OZ,0.0,Caja de 12,0.0,0.0,2026-08-25 20:30:28
S00074,[PTEXP005] BLACKBERRY PULP 12 X 14 OZ,[PTEXP005] BLACKBERRY PULP 12 X 14 OZ,1050.0,Caja de 12,13.96,14658.0,2026-08-25 20:30:28
S00074,[PTEXP004] GUAVA PULP 12 X 14 OZ,[PTEXP004] GUAVA PULP 12 X 14 OZ,1470.0,Caja de 12,9.29,13656.3,2026-08-25 20:30:28
S00074,[PTEXP002] SOURSOP PULP 12 X 14 OZ,[PTEXP002] SOURSOP PULP 12 X 14 OZ,1680.0,Caja de 12,15.77,26493.6,2026-08-25 20:30:28
S00072,[SALS006] SALSA DE FRESA EDULCORADA 15 KG,[SALS006] SALSA DE FRESA EDULCORADA 15 KG,1305.0,kg,2.73,3562.65,2026-08-25 20:30:28
S00072,[SALS004] SALSA DE MORA EDULCORADA 15 KG,[SALS004] SALSA DE MORA EDULCORADA 15 KG,600.0,kg,3.69,2214.0,2026-08-25 20:30:28
S00072,[SALS005] SALSA DE DURAZNO EDULCORADA 15 KG,[SALS005] SALSA DE DURAZNO EDULCORADA 15 KG,405.0,kg,3.79,1534.95,2026-08-25 20:30:28
S00072,[SALS008] SALSA LISA DE FRESA ,[SALS008] SALSA LISA DE FRESA ,1500.0,kg,2.8,4200.0,2026-08-25 20:30:28
S00072,[SALS009] SALSA DE ARANDANO,[SALS009] SALSA DE ARANDANO,600.0,kg,11.91,7146.0,2026-08-25 20:30:28
S00063,[SALS008] SALSA LISA DE FRESA ,[SALS008] SALSA LISA DE FRESA ,30.0,kg,2.8,84.0,2026-08-25 20:30:28
S00063,[SALS009] SALSA DE ARANDANO,[SALS009] SALSA DE ARANDANO,60.0,kg,11.91,714.6,2026-08-25 20:30:28
S00071,[PULP011] PULPA DE ARANDANO 8 KG,[PULP011] PULPA DE ARANDANO 8 KG,144.0,kg,8.5,1224.0,2026-08-25 20:30:28
S00071,[PULP002] PULPA DE MORA 41 BX 12 KG,[PULP002] PULPA DE MORA 41 BX 12 KG,96.0,kg,3.96,380.16,2026-08-25 20:30:28
S00071,[PULP020] PULPA DE MORA 14KG,[PULP020] PULPA DE MORA 14KG,476.0,kg,2.67,1270.92,2026-08-25 20:30:28
S00071,[TOPP008] TOPPING DE FRUTILLA 12 BX,[TOPP008] TOPPING DE FRUTILLA 12 BX,588.0,kg,4.5,2646.0,2026-08-25 20:30:28
S00071,[TOPP002] TOPPING DE PIÑA 20BX 2 KG,[TOPP002] TOPPING DE PIÑA 20BX 2 KG,46.0,kg,4.16,191.36,2026-08-25 20:30:28
S00071,[PULP006] PULPA DE FRESA 12 KG,[PULP006] PULPA DE FRESA 12 KG,76.0,kg,2.4,182.4,2026-08-25 20:30:28
S00070,[PULP025] PULPA DE MANGO 16 KG,[PULP025] PULPA DE MANGO 16 KG,144.0,kg,1.37,197.28,2026-08-25 20:30:28
S00069,[SW001] SWIRL DE MORA 20 KG,[SW001] SWIRL DE MORA 20 KG,1360.0,kg,1.93,2624.8,2026-08-25 20:30:28
S00069,[PULP004] PULPA DE MORA CON PEPAS 18 KG,[PULP004] PULPA DE MORA CON PEPAS 18 KG,3474.0,kg,2.76,9588.24,2026-08-25 20:30:28
S00069,[PULP001] COCO RALLADO 20 KG,[PULP001] COCO RALLADO 20 KG,2120.0,kg,4.0,8480.0,2026-08-25 20:30:28
S00045,[PTEXP008] PAPAYA PULP 12 X 14 OZ,[PTEXP008] PAPAYA PULP 12 X 14 OZ,0.0,Caja de 12,0.0,0.0,2026-08-25 20:30:28
S00045,[PTEXP009] PINEAPPLE PULP 12 X 14 OZ,[PTEXP009] PINEAPPLE PULP 12 X 14 OZ,0.0,Caja de 12,0.0,0.0,2026-08-25 20:30:28
S00045,[PTEXP010] TOMATE DE ARBOL WHOLE 8 X 14 OZ,[PTEXP010] TOMATE DE ARBOL WHOLE 8 X 14 OZ,0.0,Caja de 8,0.0,0.0,2026-08-25 20:30:28
S00045,[PTEXP004] GUAVA PULP 12 X 14 OZ,[PTEXP004] GUAVA PULP 12 X 14 OZ,0.0,Caja de 12,0.0,0.0,2026-08-25 20:30:28
S00045,[PTEXP003] NARANJILLA PULP 12 X 14 OZ,[PTEXP003] NARANJILLA PULP 12 X 14 OZ,0.0,Caja de 12,0.0,0.0,2026-08-25 20:30:28
S00045,[PTEXP006] TAMARILLO PULP 12 X 14 OZ,[PTEXP006] TAMARILLO PULP 12 X 14 OZ,0.0,Caja de 12,0.0,0.0,2026-08-25 20:30:28
S00045,[PTEXP003] NARANJILLA PULP 12 X 14 OZ,[PTEXP003] NARANJILLA PULP 12 X 14 OZ,800.0,Caja de 12,10.96,8768.0,2026-08-25 20:30:28
S00045,[PTEXP004] GUAVA PULP 12 X 14 OZ,[PTEXP004] GUAVA PULP 12 X 14 OZ,2490.0,Caja de 12,9.29,23132.1,2026-08-25 20:30:28
S00045,[PTEXP008] PAPAYA PULP 12 X 14 OZ,[PTEXP008] PAPAYA PULP 12 X 14 OZ,200.0,Caja de 12,10.91,2182.0,2026-08-25 20:30:28
S00045,[PTEXP006] TAMARILLO PULP 12 X 14 OZ,[PTEXP006] TAMARILLO PULP 12 X 14 OZ,200.0,Caja de 12,10.53,2106.0,2026-08-25 20:30:28
S00045,[PTEXP009] PINEAPPLE PULP 12 X 14 OZ,[PTEXP009] PINEAPPLE PULP 12 X 14 OZ,310.0,Caja de 12,8.48,2628.8,2026-08-25 20:30:28
S00045,[PTEXP010] TOMATE DE ARBOL WHOLE 8 X 14 OZ,[PTEXP010] TOMATE DE ARBOL WHOLE 8 X 14 OZ,200.0,Caja de 8,9.37,1874.0,2026-08-25 20:30:28
S00067,[SW001] SWIRL DE MORA 20 KG,[SW001] SWIRL DE MORA 20 KG,1200.0,kg,1.93,2316.0,2026-08-25 20:30:28
S00067,[PULP001] COCO RALLADO 20 KG,[PULP001] COCO RALLADO 20 KG,0.0,kg,1.0,0.0,2026-08-25 20:30:28
S00067,[PULP004] PULPA DE MORA CON PEPAS 18 KG,[PULP004] PULPA DE MORA CON PEPAS 18 KG,2016.0,kg,2.76,5564.16,2026-08-25 20:30:28
S00067,[PULP001] COCO RALLADO 20 KG,[PULP001] COCO RALLADO 20 KG,4030.0,kg,1.0,4030.0,2026-08-25 20:30:28
S00066,[PULP011] PULPA DE ARANDANO 8 KG,[PULP011] PULPA DE ARANDANO 8 KG,144.0,kg,8.5,1224.0,2026-08-25 20:30:28
S00066,[PULP002] PULPA DE MORA 41 BX 12 KG,[PULP002] PULPA DE MORA 41 BX 12 KG,96.0,kg,3.96,380.16,2026-08-25 20:30:28
S00066,[PULP020] PULPA DE MORA 14KG,[PULP020] PULPA DE MORA 14KG,476.0,kg,2.67,1270.92,2026-08-25 20:30:28
S00066,[TOPP008] TOPPING DE FRUTILLA 12 BX,[TOPP008] TOPPING DE FRUTILLA 12 BX,588.0,kg,4.5,2646.0,2026-08-25 20:30:28
S00066,[TOPP002] TOPPING DE PIÑA 20BX 2 KG,[TOPP002] TOPPING DE PIÑA 20BX 2 KG,46.0,kg,4.16,191.36,2026-08-25 20:30:28
S00066,[PULP006] PULPA DE FRESA 12 KG,[PULP006] PULPA DE FRESA 12 KG,76.0,kg,2.4,182.4,2026-08-25 20:30:28
S00065,[PULP017] PULPA DE MORA 16 KG,[PULP017] PULPA DE MORA 16 KG,1120.0,kg,3.09,3460.8,2026-08-25 20:30:28
S00065,[PULP005] PULPA DE NARANJILLA 16 KG,[PULP005] PULPA DE NARANJILLA 16 KG,112.0,kg,3.0,336.0,2026-08-25 20:30:28
S00065,[PULP016] PULPA DE FRESA 16 KG,[PULP016] PULPA DE FRESA 16 KG,320.0,kg,2.7,864.0,2026-08-25 20:30:28
S00044,[PTEXP003] NARANJILLA PULP 12 X 14 OZ,[PTEXP003] NARANJILLA PULP 12 X 14 OZ,571.0,Caja de 12,10.96,6258.16,2026-08-25 20:30:28
S00044,[PTEXP004] GUAVA PULP 12 X 14 OZ,[PTEXP004] GUAVA PULP 12 X 14 OZ,1140.0,Caja de 12,9.29,10590.6,2026-08-25 20:30:28
S00044,[PTEXP002] SOURSOP PULP 12 X 14 OZ,[PTEXP002] SOURSOP PULP 12 X 14 OZ,1710.0,Caja de 12,15.77,26966.7,2026-08-25 20:30:28
S00044,[PTEXP007] PASSION FRUIT PULP 12 X 14 OZ,[PTEXP007] PASSION FRUIT PULP 12 X 14 OZ,380.0,Caja de 12,18.58,7060.4,2026-08-25 20:30:28
S00064,[SALS007] SALSA DE CHOCOLATE 1 KG,[SALS007] SALSA DE CHOCOLATE 1 KG,1000.0,kg,3.79,3790.0,2026-08-25 20:30:28
S00043,[PULP009] PULPA DE PAPAYA 16 KG,[PULP009] PULPA DE PAPAYA 16 KG,320.0,kg,2.1,672.0,2026-08-25 20:30:28
S00043,[PULP010] PULPA DE MARACUYA 10 KG,[PULP010] PULPA DE MARACUYA 10 KG,10.0,kg,3.45,34.5,2026-08-25 20:30:28
S00043,[PULP012] PULPA DE TOMATE DE ARBOL 16 KG,[PULP012] PULPA DE TOMATE DE ARBOL 16 KG,3504.0,kg,2.62,9180.48,2026-08-25 20:30:28
S00043,[PULP014] PULPA DE PIÑA 16 KG,[PULP014] PULPA DE PIÑA 16 KG,64.0,kg,2.67,170.88,2026-08-25 20:30:28
S00062,[PTEXP016] Pulpa Mora America x 250 gr (CAJAS 10 UDS),[PTEXP016] Pulpa Mora America x 250 gr (CAJAS 10 UDS),6840.0,Units,0.66,4514.4,2026-08-25 20:30:28
S00062,[PTEXP018] Pulpa Guanabana America x 250 gr (CAJAS 10 UDS),[PTEXP018] Pulpa Guanabana America x 250 gr (CAJAS 10 UDS),20520.0,Units,0.86,17647.2,2026-08-25 20:30:28
S00062,[PTEXP019] Pulpa Lulo America x 250 gr (CAJAS 10 UDS),[PTEXP019] Pulpa Lulo America x 250 gr (CAJAS 10 UDS),23940.0,Units,0.57,13645.8,2026-08-25 20:30:28
S00062,[PTEXP017] Pulpa Guayaba America x 250 gr (CAJAS 10 UDS),[PTEXP017] Pulpa Guayaba America x 250 gr (CAJAS 10 UDS),10260.0,Units,0.42,4309.2,2026-08-25 20:30:28
S00062,[PTEXP020] Pulpa Tamarindo America x 250 gr (CAJAS 10 UDS),[PTEXP020] Pulpa Tamarindo America x 250 gr (CAJAS 10 UDS),10260.0,Units,0.65,6669.0,2026-08-25 20:30:28
S00062,[PTEXP012] Pulpa Mango America x 250 gr (CAJAS 10 UDS),[PTEXP012] Pulpa Mango America x 250 gr (CAJAS 10 UDS),6840.0,Units,0.43,2941.2,2026-08-25 20:30:28
S00061,[PULP018] PULPA DE NARANJILLA 20 KG,[PULP018] PULPA DE NARANJILLA 20 KG,1000.0,kg,2.32,2320.0,2026-08-25 20:30:28
S00059,[PULP025] PULPA DE MANGO 16 KG,[PULP025] PULPA DE MANGO 16 KG,144.0,kg,1.37,197.28,2026-08-25 20:30:28
S00058,[SALS007] SALSA DE CHOCOLATE 1 KG,[SALS007] SALSA DE CHOCOLATE 1 KG,400.0,kg,3.79,1516.0,2026-08-25 20:30:28
S00057,[PULP024] PULPA DE LIMON 150 g,[PULP024] PULPA DE LIMON 150 g,10.0,Units,0.3285,3.28,2026-08-25 20:30:28
S00053,[SALS008] SALSA LISA DE FRESA ,[SALS008] SALSA LISA DE FRESA ,2580.0,kg,2.8,7224.0,2026-08-25 20:30:28
S00053,[SALS009] SALSA DE ARANDANO,[SALS009] SALSA DE ARANDANO,1170.0,kg,11.91,13934.7,2026-08-25 20:30:28
S00052,[SALS006] SALSA DE FRESA EDULCORADA 15 KG,[SALS006] SALSA DE FRESA EDULCORADA 15 KG,1080.0,kg,2.73,2948.4,2026-08-25 20:30:28
S00051,[SW001] SWIRL DE MORA 20 KG,[SW001] SWIRL DE MORA 20 KG,520.0,kg,1.93,1003.6,2026-08-25 20:30:28
S00051,[PULP004] PULPA DE MORA CON PEPAS 18 KG,[PULP004] PULPA DE MORA CON PEPAS 18 KG,990.0,kg,2.76,2732.4,2026-08-25 20:30:28
S00050,[PULP023] PULPA DE NARANJILLA 150 g,[PULP023] PULPA DE NARANJILLA 150 g,120.0,Units,0.54,64.8,2026-08-25 20:30:28
S00050,[PULP024] PULPA DE LIMON 150 g,[PULP024] PULPA DE LIMON 150 g,336.0,Units,0.65,218.4,2026-08-25 20:30:28
S00050,[PULP021] PULPA DE MORA 150 g,[PULP021] PULPA DE MORA 150 g,144.0,Units,0.56,80.64,2026-08-25 20:30:28
S00049,[PULP011] PULPA DE ARANDANO 8 KG,[PULP011] PULPA DE ARANDANO 8 KG,144.0,kg,8.5,1224.0,2026-08-25 20:30:28
S00049,[PULP002] PULPA DE MORA 41 BX 12 KG,[PULP002] PULPA DE MORA 41 BX 12 KG,96.0,kg,3.96,380.16,2026-08-25 20:30:28
S00049,[PULP020] PULPA DE MORA 14KG,[PULP020] PULPA DE MORA 14KG,476.0,kg,2.68,1275.68,2026-08-25 20:30:28
S00049,[TOPP008] TOPPING DE FRUTILLA 12 BX,[TOPP008] TOPPING DE FRUTILLA 12 BX,588.0,kg,4.0,2352.0,2026-08-25 20:30:28
S00049,[TOPP002] TOPPING DE PIÑA 20BX 2 KG,[TOPP002] TOPPING DE PIÑA 20BX 2 KG,46.0,kg,4.16,191.36,2026-08-25 20:30:28
S00049,[PULP006] PULPA DE FRESA 12 KG,[PULP006] PULPA DE FRESA 12 KG,84.0,kg,2.4,201.6,2026-08-25 20:30:28
S00040,[PTEXP018] Pulpa Guanabana America x 250 gr (CAJAS 10 UDS),[PTEXP018] Pulpa Guanabana America x 250 gr (CAJAS 10 UDS),23940.0,Units,0.86,20588.4,2026-08-25 20:30:28
S00040,[PTEXP019] Pulpa Lulo America x 250 gr (CAJAS 10 UDS),[PTEXP019] Pulpa Lulo America x 250 gr (CAJAS 10 UDS),20520.0,Units,0.57,11696.4,2026-08-25 20:30:28
S00040,[PTEXP020] Pulpa Tamarindo America x 250 gr (CAJAS 10 UDS),[PTEXP020] Pulpa Tamarindo America x 250 gr (CAJAS 10 UDS),10260.0,Units,0.65,6669.0,2026-08-25 20:30:28
S00040,[PTEXP014] Maracuyá C/ Pepas x 500 gr (CAJAS 10 UDS),[PTEXP014] Maracuyá C/ Pepas x 500 gr (CAJAS 10 UDS),1980.0,Units,1.88,3722.4,2026-08-25 20:30:28
S00040,[PTEXP017] Pulpa Guayaba America x 250 gr (CAJAS 10 UDS),[PTEXP017] Pulpa Guayaba America x 250 gr (CAJAS 10 UDS),10260.0,Units,0.42,4309.2,2026-08-25 20:30:28
S00040,[PTEXP012] Pulpa Mango America x 250 gr (CAJAS 10 UDS),[PTEXP012] Pulpa Mango America x 250 gr (CAJAS 10 UDS),3420.0,Units,0.43,1470.6,2026-08-25 20:30:28
S00040,[PTEXP015] Pulpa Maracuyá America x 250 gr (CAJAS 10 UDS),[PTEXP015] Pulpa Maracuyá America x 250 gr (CAJAS 10 UDS),3420.0,Units,0.9,3078.0,2026-08-25 20:30:28
S00040,[PTEXP016] Pulpa Mora America x 250 gr (CAJAS 10 UDS),[PTEXP016] Pulpa Mora America x 250 gr (CAJAS 10 UDS),3420.0,Units,0.66,2257.2,2026-08-25 20:30:28
S00048,[SW001] SWIRL DE MORA 20 KG,[SW001] SWIRL DE MORA 20 KG,1360.0,kg,1.93,2624.8,2026-08-25 20:30:28
S00048,[PULP004] PULPA DE MORA CON PEPAS 18 KG,[PULP004] PULPA DE MORA CON PEPAS 18 KG,3474.0,kg,2.76,9588.24,2026-08-25 20:30:28
S00048,[PULP001] COCO RALLADO 20 KG,[PULP001] COCO RALLADO 20 KG,2120.0,kg,4.0,8480.0,2026-08-25 20:30:28
S00047,[PULP025] PULPA DE MANGO 16 KG,[PULP025] PULPA DE MANGO 16 KG,144.0,kg,1.37,197.28,2026-08-25 20:30:28
S00039,[PULP011] PULPA DE ARANDANO 8 KG,[PULP011] PULPA DE ARANDANO 8 KG,144.0,kg,8.5,1224.0,2026-08-25 20:30:28
S00039,[PULP002] PULPA DE MORA 41 BX 12 KG,[PULP002] PULPA DE MORA 41 BX 12 KG,96.0,kg,3.96,380.16,2026-08-25 20:30:28
S00039,[PULP020] PULPA DE MORA 14KG,[PULP020] PULPA DE MORA 14KG,476.0,kg,2.68,1275.68,2026-08-25 20:30:28
S00039,[TOPP008] TOPPING DE FRUTILLA 12 BX,[TOPP008] TOPPING DE FRUTILLA 12 BX,588.0,kg,4.0,2352.0,2026-08-25 20:30:28
S00039,[TOPP002] TOPPING DE PIÑA 20BX 2 KG,[TOPP002] TOPPING DE PIÑA 20BX 2 KG,46.0,kg,4.16,191.36,2026-08-25 20:30:28
S00039,[PULP006] PULPA DE FRESA 12 KG,[PULP006] PULPA DE FRESA 12 KG,84.0,kg,2.4,201.6,2026-08-25 20:30:28
S00037,[SALS007] SALSA DE CHOCOLATE 1 KG,[SALS007] SALSA DE CHOCOLATE 1 KG,400.0,kg,3.79,1516.0,2026-08-25 20:30:28
S00036,[SALS007] SALSA DE CHOCOLATE 1 KG,[SALS007] SALSA DE CHOCOLATE 1 KG,1000.0,kg,3.79,3790.0,2026-08-25 20:30:28
S00023,[PTEXP018] Pulpa Guanabana America x 250 gr (CAJAS 10 UDS),[PTEXP018] Pulpa Guanabana America x 250 gr (CAJAS 10 UDS),20520.0,Units,0.86,17647.2,2026-08-25 20:30:28
S00023,[PTEXP019] Pulpa Lulo America x 250 gr (CAJAS 10 UDS),[PTEXP019] Pulpa Lulo America x 250 gr (CAJAS 10 UDS),10260.0,Units,0.57,5848.2,2026-08-25 20:30:28
S00023,[PTEXP020] Pulpa Tamarindo America x 250 gr (CAJAS 10 UDS),[PTEXP020] Pulpa Tamarindo America x 250 gr (CAJAS 10 UDS),13680.0,Units,0.65,8892.0,2026-08-25 20:30:28
S00023,[PTEXP014] Maracuyá C/ Pepas x 500 gr (CAJAS 10 UDS),[PTEXP014] Maracuyá C/ Pepas x 500 gr (CAJAS 10 UDS),1980.0,Units,1.88,3722.4,2026-08-25 20:30:28
S00023,[PTEXP017] Pulpa Guayaba America x 250 gr (CAJAS 10 UDS),[PTEXP017] Pulpa Guayaba America x 250 gr (CAJAS 10 UDS),6840.0,Units,0.42,2872.8,2026-08-25 20:30:28
S00023,[PTEXP012] Pulpa Mango America x 250 gr (CAJAS 10 UDS),[PTEXP012] Pulpa Mango America x 250 gr (CAJAS 10 UDS),13680.0,Units,0.43,5882.4,2026-08-25 20:30:28
S00023,[PTEXP013] Pulpa Tomate de Árbol America x 250 gr (CAJAS 10 UDS),[PTEXP013] Pulpa Tomate de Árbol America x 250 gr (CAJAS 10 UDS),3420.0,Units,0.53,1812.6,2026-08-25 20:30:28
S00023,[PTEXP015] Pulpa Maracuyá America x 250 gr (CAJAS 10 UDS),[PTEXP015] Pulpa Maracuyá America x 250 gr (CAJAS 10 UDS),3420.0,Units,0.9,3078.0,2026-08-25 20:30:28
S00023,[PTEXP021] Tomate Arbol Congelado América x 500gr (Cajas de 12 uds),[PTEXP021] Tomate Arbol Congelado América x 500gr (Cajas de 12 uds),1584.0,Units,1.32,2090.88,2026-08-25 20:30:28
S00035,[PULP025] PULPA DE MANGO 16 KG,[PULP025] PULPA DE MANGO 16 KG,96.0,kg,1.37,131.52,2026-08-25 20:30:28
S00034,[PULP025] PULPA DE MANGO 16 KG,[PULP025] PULPA DE MANGO 16 KG,48.0,kg,1.37,65.76,2026-08-25 20:30:28
S00028,[SALS008] SALSA LISA DE FRESA ,[SALS008] SALSA LISA DE FRESA ,405.0,kg,2.8,1134.0,2026-08-25 20:30:28
S00028,[SALS009] SALSA DE ARANDANO,[SALS009] SALSA DE ARANDANO,270.0,kg,9.97,2691.9,2026-08-25 20:30:28
S00033,[SALS006] SALSA DE FRESA EDULCORADA 15 KG,[SALS006] SALSA DE FRESA EDULCORADA 15 KG,855.0,kg,2.73,2334.15,2026-08-25 20:30:28
S00029,[PULP009] PULPA DE PAPAYA 16 KG,[PULP009] PULPA DE PAPAYA 16 KG,336.0,kg,2.1,705.6,2026-08-25 20:30:28
S00029,[PULP010] PULPA DE MARACUYA 10 KG,[PULP010] PULPA DE MARACUYA 10 KG,10.0,kg,3.45,34.5,2026-08-25 20:30:28
S00029,[PULP012] PULPA DE TOMATE DE ARBOL 16 KG,[PULP012] PULPA DE TOMATE DE ARBOL 16 KG,1312.0,kg,2.62,3437.44,2026-08-25 20:30:28
S00029,[PULP014] PULPA DE PIÑA 16 KG,[PULP014] PULPA DE PIÑA 16 KG,144.0,kg,2.67,384.48,2026-08-25 20:30:28
S00008,[PULP017] PULPA DE MORA 16 KG,[PULP017] PULPA DE MORA 16 KG,0.0,kg,3.09,0.0,2026-08-25 20:30:28
S00008,[PULP017] PULPA DE MORA 16 KG,[PULP017] PULPA DE MORA 16 KG,1040.0,kg,3.09,3213.6,2026-08-25 20:30:28
S00008,[PULP016] PULPA DE FRESA 16 KG,[PULP016] PULPA DE FRESA 16 KG,1040.0,kg,2.7,2808.0,2026-08-25 20:30:28
S00008,[PULP016] PULPA DE FRESA 16 KG,[PULP016] PULPA DE FRESA 16 KG,0.0,kg,2.7,0.0,2026-08-25 20:30:28
S00030,[SW001] SWIRL DE MORA 20 KG,[SW001] SWIRL DE MORA 20 KG,2120.0,kg,1.93,4091.6,2026-08-25 20:30:28
S00030,[PULP004] PULPA DE MORA CON PEPAS 18 KG,[PULP004] PULPA DE MORA CON PEPAS 18 KG,2952.0,kg,2.76,8147.52,2026-08-25 20:30:28
S00030,[PULP001] COCO RALLADO 20 KG,[PULP001] COCO RALLADO 20 KG,900.0,kg,4.0,3600.0,2026-08-25 20:30:28
S00021,[PTEXP005] BLACKBERRY PULP 12 X 14 OZ,[PTEXP005] BLACKBERRY PULP 12 X 14 OZ,400.0,Caja de 12,13.96,5584.0,2026-08-25 20:30:28
S00021,[PTEXP004] GUAVA PULP 12 X 14 OZ,[PTEXP004] GUAVA PULP 12 X 14 OZ,900.0,Caja de 12,9.29,8361.0,2026-08-25 20:30:28
S00021,[PTEXP002] SOURSOP PULP 12 X 14 OZ,[PTEXP002] SOURSOP PULP 12 X 14 OZ,900.0,Caja de 12,15.77,14193.0,2026-08-25 20:30:28
S00021,[PTEXP008] PAPAYA PULP 12 X 14 OZ,[PTEXP008] PAPAYA PULP 12 X 14 OZ,400.0,Caja de 12,10.91,4364.0,2026-08-25 20:30:28
S00021,[PTEXP001] MANGO PULP 12 X 14 OZ,[PTEXP001] MANGO PULP 12 X 14 OZ,1200.0,Caja de 12,9.15,10980.0,2026-08-25 20:30:28
S00021,[PTEXP006] TAMARILLO PULP 12 X 14 OZ,[PTEXP006] TAMARILLO PULP 12 X 14 OZ,50.0,Caja de 12,10.53,526.5,2026-08-25 20:30:28
S00021,[PTEXP009] PINEAPPLE PULP 12 X 14 OZ,[PTEXP009] PINEAPPLE PULP 12 X 14 OZ,200.0,Caja de 12,8.48,1696.0,2026-08-25 20:30:28
S00021,[PTEXP010] TOMATE DE ARBOL WHOLE 8 X 14 OZ,[PTEXP010] TOMATE DE ARBOL WHOLE 8 X 14 OZ,150.0,Caja de 8,9.37,1405.5,2026-08-25 20:30:28
S00026,[PULP011] PULPA DE ARANDANO 8 KG,[PULP011] PULPA DE ARANDANO 8 KG,80.0,kg,8.5,680.0,2026-08-25 20:30:28
S00026,[PULP020] PULPA DE MORA 14KG,[PULP020] PULPA DE MORA 14KG,476.0,kg,2.68,1275.68,2026-08-25 20:30:28
S00026,[TOPP008] TOPPING DE FRUTILLA 12 BX,[TOPP008] TOPPING DE FRUTILLA 12 BX,588.0,kg,4.0,2352.0,2026-08-25 20:30:28
S00027,[PULP022] PULPA DE GUANABANA 150 g,[PULP022] PULPA DE GUANABANA 150 g,432.0,Units,0.65,280.8,2026-08-25 20:30:28
S00027,[PULP023] PULPA DE NARANJILLA 150 g,[PULP023] PULPA DE NARANJILLA 150 g,600.0,Units,0.54,324.0,2026-08-25 20:30:28
S00027,[PULP021] PULPA DE MORA 150 g,[PULP021] PULPA DE MORA 150 g,168.0,Units,0.56,94.08,2026-08-25 20:30:28
S00027,[PULP024] PULPA DE LIMON 150 g,[PULP024] PULPA DE LIMON 150 g,720.0,Units,0.65,468.0,2026-08-25 20:30:28
S00025,[FRUTP005] FRESA PICADA 16 KG,[FRUTP005] FRESA PICADA 16 KG,2880.0,kg,2.04,5875.2,2026-08-25 20:30:28
S00020,[PTEXP005] BLACKBERRY PULP 12 X 14 OZ,[PTEXP005] BLACKBERRY PULP 12 X 14 OZ,730.0,Caja de 12,13.96,10190.8,2026-08-25 20:30:28
S00020,[PTEXP003] NARANJILLA PULP 12 X 14 OZ,[PTEXP003] NARANJILLA PULP 12 X 14 OZ,630.0,Caja de 12,10.96,6904.8,2026-08-25 20:30:28
S00020,[PTEXP004] GUAVA PULP 12 X 14 OZ,[PTEXP004] GUAVA PULP 12 X 14 OZ,1000.0,Caja de 12,9.29,9290.0,2026-08-25 20:30:28
S00020,[PTEXP002] SOURSOP PULP 12 X 14 OZ,[PTEXP002] SOURSOP PULP 12 X 14 OZ,700.0,Caja de 12,15.77,11039.0,2026-08-25 20:30:28
S00020,[PTEXP006] TAMARILLO PULP 12 X 14 OZ,[PTEXP006] TAMARILLO PULP 12 X 14 OZ,100.0,Caja de 12,10.53,1053.0,2026-08-25 20:30:28
S00020,[PTEXP007] PASSION FRUIT PULP 12 X 14 OZ,[PTEXP007] PASSION FRUIT PULP 12 X 14 OZ,840.0,Caja de 12,18.58,15607.2,2026-08-25 20:30:28
S00020,[PTEXP009] PINEAPPLE PULP 12 X 14 OZ,[PTEXP009] PINEAPPLE PULP 12 X 14 OZ,200.0,Caja de 12,8.48,1696.0,2026-08-25 20:30:28
S00016,[SALS007] SALSA DE CHOCOLATE 1 KG,[SALS007] SALSA DE CHOCOLATE 1 KG,1000.0,kg,3.79,3790.0,2026-08-25 20:30:28
S00015,[SALS007] SALSA DE CHOCOLATE 1 KG,[SALS007] SALSA DE CHOCOLATE 1 KG,400.0,kg,3.79,1516.0,2026-08-25 20:30:28
S00014,[PTEXP016] Pulpa Mora America x 250 gr (CAJAS 10 UDS),[PTEXP016] Pulpa Mora America x 250 gr (CAJAS 10 UDS),3420.0,Units,0.66,2257.2,2026-08-25 20:30:28
S00014,[PTEXP016] Pulpa Mora America x 250 gr (CAJAS 10 UDS),[PTEXP016] Pulpa Mora America x 250 gr (CAJAS 10 UDS),0.0,Units,0.0,0.0,2026-08-25 20:30:28
S00014,[PTEXP019] Pulpa Lulo America x 250 gr (CAJAS 10 UDS),[PTEXP019] Pulpa Lulo America x 250 gr (CAJAS 10 UDS),0.0,Units,0.0,0.0,2026-08-25 20:30:28
S00014,[PTEXP018] Pulpa Guanabana America x 250 gr (CAJAS 10 UDS),[PTEXP018] Pulpa Guanabana America x 250 gr (CAJAS 10 UDS),0.0,Units,0.0,0.0,2026-08-25 20:30:28
S00014,[PTEXP020] Pulpa Tamarindo America x 250 gr (CAJAS 10 UDS),[PTEXP020] Pulpa Tamarindo America x 250 gr (CAJAS 10 UDS),0.0,Units,0.0,0.0,2026-08-25 20:30:28
S00014,[PTEXP013] Pulpa Tomate de Árbol America x 250 gr (CAJAS 10 UDS),[PTEXP013] Pulpa Tomate de Árbol America x 250 gr (CAJAS 10 UDS),0.0,Units,0.0,0.0,2026-08-25 20:30:28
S00014,[PTEXP012] Pulpa Mango America x 250 gr (CAJAS 10 UDS),[PTEXP012] Pulpa Mango America x 250 gr (CAJAS 10 UDS),0.0,Units,0.0,0.0,2026-08-25 20:30:28
S00014,[PTEXP021] Tomate Arbol Congelado América x 500gr (Cajas de 12 uds),[PTEXP021] Tomate Arbol Congelado América x 500gr (Cajas de 12 uds),0.0,Units,0.0,0.0,2026-08-25 20:30:28
S00014,[PTEXP019] Pulpa Lulo America x 250 gr (CAJAS 10 UDS),[PTEXP019] Pulpa Lulo America x 250 gr (CAJAS 10 UDS),27360.0,Units,0.57,15595.2,2026-08-25 20:30:28
S00014,[PTEXP018] Pulpa Guanabana America x 250 gr (CAJAS 10 UDS),[PTEXP018] Pulpa Guanabana America x 250 gr (CAJAS 10 UDS),17100.0,Units,0.86,14706.0,2026-08-25 20:30:28
S00014,[PTEXP020] Pulpa Tamarindo America x 250 gr (CAJAS 10 UDS),[PTEXP020] Pulpa Tamarindo America x 250 gr (CAJAS 10 UDS),6840.0,Units,0.65,4446.0,2026-08-25 20:30:28
S00014,[PTEXP013] Pulpa Tomate de Árbol America x 250 gr (CAJAS 10 UDS),[PTEXP013] Pulpa Tomate de Árbol America x 250 gr (CAJAS 10 UDS),6840.0,Units,0.53,3625.2,2026-08-25 20:30:28
S00014,[PTEXP012] Pulpa Mango America x 250 gr (CAJAS 10 UDS),[PTEXP012] Pulpa Mango America x 250 gr (CAJAS 10 UDS),10260.0,Units,0.43,4411.8,2026-08-25 20:30:28
S00014,[PTEXP021] Tomate Arbol Congelado América x 500gr (Cajas de 12 uds),[PTEXP021] Tomate Arbol Congelado América x 500gr (Cajas de 12 uds),3168.0,Units,1.32,4181.76,2026-08-25 20:30:28
S00013,[PTEXP015] Pulpa Maracuyá America x 250 gr (CAJAS 10 UDS),[PTEXP015] Pulpa Maracuyá America x 250 gr (CAJAS 10 UDS),13680.0,Units,0.9,12312.0,2026-08-25 20:30:28
S00013,[PTEXP020] Pulpa Tamarindo America x 250 gr (CAJAS 10 UDS),[PTEXP020] Pulpa Tamarindo America x 250 gr (CAJAS 10 UDS),17100.0,Units,0.65,11115.0,2026-08-25 20:30:28
S00013,[PTEXP014] Maracuyá C/ Pepas x 500 gr (CAJAS 10 UDS),[PTEXP014] Maracuyá C/ Pepas x 500 gr (CAJAS 10 UDS),1980.0,Units,1.88,3722.4,2026-08-25 20:30:28
S00013,[PTEXP022] Lulo Entero Congelado América x 500gr (Cajas de 12 uds),[PTEXP022] Lulo Entero Congelado América x 500gr (Cajas de 12 uds),6336.0,Units,1.32,8363.52,2026-08-25 20:30:28
S00013,[PTEXP012] Pulpa Mango America x 250 gr (CAJAS 10 UDS),[PTEXP012] Pulpa Mango America x 250 gr (CAJAS 10 UDS),10260.0,Units,0.43,4411.8,2026-08-25 20:30:28
S00013,[PTEXP013] Pulpa Tomate de Árbol America x 250 gr (CAJAS 10 UDS),[PTEXP013] Pulpa Tomate de Árbol America x 250 gr (CAJAS 10 UDS),10260.0,Units,0.53,5437.8,2026-08-25 20:30:28
S00013,[PTEXP021] Tomate Arbol Congelado América x 500gr (Cajas de 12 uds),[PTEXP021] Tomate Arbol Congelado América x 500gr (Cajas de 12 uds),4752.0,Units,1.32,6272.64,2026-08-25 20:30:28
S00012,[PTEXP015] Pulpa Maracuyá America x 250 gr (CAJAS 10 UDS),[PTEXP015] Pulpa Maracuyá America x 250 gr (CAJAS 10 UDS),13680.0,Units,0.9,12312.0,2026-08-25 20:30:28
S00012,[PTEXP014] Maracuyá C/ Pepas x 500 gr (CAJAS 10 UDS),[PTEXP014] Maracuyá C/ Pepas x 500 gr (CAJAS 10 UDS),3960.0,Units,1.88,7444.8,2026-08-25 20:30:28
S00012,[PTEXP022] Lulo Entero Congelado América x 500gr (Cajas de 12 uds),[PTEXP022] Lulo Entero Congelado América x 500gr (Cajas de 12 uds),4752.0,Units,1.32,6272.64,2026-08-25 20:30:28
S00012,[PTEXP012] Pulpa Mango America x 250 gr (CAJAS 10 UDS),[PTEXP012] Pulpa Mango America x 250 gr (CAJAS 10 UDS),3420.0,Units,0.43,1470.6,2026-08-25 20:30:28
S00012,[PTEXP018] Pulpa Guanabana America x 250 gr (CAJAS 10 UDS),[PTEXP018] Pulpa Guanabana America x 250 gr (CAJAS 10 UDS),10260.0,Units,0.86,8823.6,2026-08-25 20:30:28
S00012,[PTEXP013] Pulpa Tomate de Árbol America x 250 gr (CAJAS 10 UDS),[PTEXP013] Pulpa Tomate de Árbol America x 250 gr (CAJAS 10 UDS),13680.0,Units,0.53,7250.4,2026-08-25 20:30:28
S00012,[PTEXP021] Tomate Arbol Congelado América x 500gr (Cajas de 12 uds),[PTEXP021] Tomate Arbol Congelado América x 500gr (Cajas de 12 uds),3168.0,Units,1.32,4181.76,2026-08-25 20:30:28
S00012,[PTEXP016] Pulpa Mora America x 250 gr (CAJAS 10 UDS),[PTEXP016] Pulpa Mora America x 250 gr (CAJAS 10 UDS),13680.0,Units,0.66,9028.8,2026-08-25 20:30:28
S00011,[PTEXP015] Pulpa Maracuyá America x 250 gr (CAJAS 10 UDS),[PTEXP015] Pulpa Maracuyá America x 250 gr (CAJAS 10 UDS),17100.0,Units,0.9,15390.0,2026-08-25 20:30:28
S00011,[PTEXP017] Pulpa Guayaba America x 250 gr (CAJAS 10 UDS),[PTEXP017] Pulpa Guayaba America x 250 gr (CAJAS 10 UDS),20520.0,Units,0.42,8618.4,2026-08-25 20:30:28
S00011,[PTEXP014] Maracuyá C/ Pepas x 500 gr (CAJAS 10 UDS),[PTEXP014] Maracuyá C/ Pepas x 500 gr (CAJAS 10 UDS),1980.0,Units,1.88,3722.4,2026-08-25 20:30:28
S00011,[PTEXP022] Lulo Entero Congelado América x 500gr (Cajas de 12 uds),[PTEXP022] Lulo Entero Congelado América x 500gr (Cajas de 12 uds),3168.0,Units,1.32,4181.76,2026-08-25 20:30:28
S00011,[PTEXP018] Pulpa Guanabana America x 250 gr (CAJAS 10 UDS),[PTEXP018] Pulpa Guanabana America x 250 gr (CAJAS 10 UDS),10260.0,Units,0.86,8823.6,2026-08-25 20:30:28
S00011,[PTEXP021] Tomate Arbol Congelado América x 500gr (Cajas de 12 uds),[PTEXP021] Tomate Arbol Congelado América x 500gr (Cajas de 12 uds),6336.0,Units,1.32,8363.52,2026-08-25 20:30:28
S00011,[PTEXP016] Pulpa Mora America x 250 gr (CAJAS 10 UDS),[PTEXP016] Pulpa Mora America x 250 gr (CAJAS 10 UDS),6840.0,Units,0.66,4514.4,2026-08-25 20:30:28
S00005,[SALS006] SALSA DE FRESA EDULCORADA 15 KG,[SALS006] SALSA DE FRESA EDULCORADA 15 KG,2385.0,kg,3.14,7488.9,2026-08-25 20:30:28
S00006,[SALS008] SALSA LISA DE FRESA ,[SALS008] SALSA LISA DE FRESA ,480.0,kg,2.8,1344.0,2026-08-25 20:30:28
S00006,[SALS009] SALSA DE ARANDANO,[SALS009] SALSA DE ARANDANO,420.0,kg,9.97,4187.4,2026-08-25 20:30:28
S00010,[PULP001] COCO RALLADO 20 KG,[PULP001] COCO RALLADO 20 KG,1900.0,kg,4.0,7600.0,2026-08-25 20:30:28
S00007,[PULP017] PULPA DE MORA 16 KG,[PULP017] PULPA DE MORA 16 KG,1008.0,kg,3.09,3114.72,2026-08-25 20:30:28
S00007,[PULP005] PULPA DE NARANJILLA 16 KG,[PULP005] PULPA DE NARANJILLA 16 KG,208.0,kg,3.0,624.0,2026-08-25 20:30:28
S00007,[PULP016] PULPA DE FRESA 16 KG,[PULP016] PULPA DE FRESA 16 KG,800.0,kg,2.7,2160.0,2026-08-25 20:30:28
S00004,[SALS007] SALSA DE CHOCOLATE 1 KG,[SALS007] SALSA DE CHOCOLATE 1 KG,1000.0,kg,3.79,3790.0,2026-08-25 20:30:28
S00003,[FRUTP005] FRESA PICADA 16 KG,[FRUTP005] FRESA PICADA 16 KG,576.0,kg,2.04,1175.04,2026-08-25 20:30:28
S00002,[FRUTP005] FRESA PICADA 16 KG,[FRUTP005] FRESA PICADA 16 KG,1728.0,kg,2.04,3525.12,2026-08-25 20:30:28
S00001,[PULP025] PULPA DE MANGO 16 KG,[PULP025] PULPA DE MANGO 16 KG,144.0,kg,1.37,197.28,2026-08-25 20:30:28
