orden_compra,proveedor,responsable,estado_compra,estado_recepcion,producto,cantidad,unidad_medida,precio_unitario,subtotal,fecha_orden,fecha_planificada,vencida,monto_total_orden,actualizado
P00316,NATIGOLD S.A.,PAOLA CALVACHE,Orden de compra,Pendiente recepción,[MP00230] POLVO DE CACAO ALCALINO,300.0,kg,7.52,2256.0,2026-06-02 12:17,2026-06-23 00:00,No,2594.4,2026-06-02 17:30:16
P00315,DISTRIBUIDORA DESCALZI S.A.,PAOLA CALVACHE,Orden de compra,Pendiente recepción,[MP00237] COLORANTE COLOR RED FRAGARIA LIQUIDO,10.0,kg,141.93,1419.3,2026-06-02 12:14,2026-06-19 00:00,No,1632.2,2026-06-02 17:30:16
P00314,Compania Nacional de Plasticos Conaplas S.A.,PAOLA CALVACHE,Orden de compra,Pendiente recepción,[CIN004] CINTA STRECH 50 CM,80.0,Units,6.5,520.0,2026-06-02 12:11,2026-06-18 00:00,No,598.0,2026-06-02 17:30:16
P00313,DON GATO SUPERMERCADO MAYORISTA S.A.,PAOLA CALVACHE,Orden de compra,Pendiente recepción,[MP00051] AZUCAR,2500.0,kg,0.7384,1845.94,2026-06-02 12:08,2026-06-19 00:00,No,1845.94,2026-06-02 17:30:16
P00312,COMERCIO EXTERIOR CECOMEX S.A.,PAOLA CALVACHE,Orden de compra,Pendiente recepción,[INS003] AIRBAG FUNDA PLASTICA 90X180 CM,40.0,Units,8.9,356.0,2026-06-02 12:06,2026-06-18 00:00,No,409.4,2026-06-02 17:30:16
P00311,GRUPO DYMAP SCC.,PAOLA CALVACHE,Orden de compra,Pendiente recepción,[PAL0002] PALLET ESTANDAR DE MADERA 100X120 CM,40.0,Units,6.5,260.0,2026-06-02 12:04,2026-06-17 00:00,No,299.0,2026-06-02 17:30:16
P00310,SMART CHEMISTRY SMACH S.A.,PAOLA CALVACHE,Orden de compra,Pendiente recepción,[INS001] ACIDO PERACETICO 15%,46.0,kg,5.92,272.32,2026-06-02 12:00,2026-06-16 00:00,No,313.17,2026-06-02 17:30:16
P00309,APRACOM S.A.,PAOLA CALVACHE,Orden de compra,Pendiente recepción,[INS013] JABON ALK 25,60.0,kg,1.85,111.0,2026-06-02 11:58,2026-06-16 00:00,No,277.15,2026-06-02 17:30:16
P00309,APRACOM S.A.,PAOLA CALVACHE,Orden de compra,Pendiente recepción,[INS014] JABON BC ALK CLOR,60.0,kg,1.85,111.0,2026-06-02 11:58,2026-06-16 00:00,No,277.15,2026-06-02 17:30:16
P00309,APRACOM S.A.,PAOLA CALVACHE,Orden de compra,Pendiente recepción,[INS007] CLORO 10%,20.0,kg,0.95,19.0,2026-06-02 11:58,2026-06-16 00:00,No,277.15,2026-06-02 17:30:16
P00308,LIRA LABORATORIOS REPRESENTACIONES Y AGENCIAS S.A.,PAOLA CALVACHE,Orden de compra,Pendiente recepción,[INS004] ALCOHOL ANTISEPTICO 72%,36.0,Units,4.1525,149.49,2026-06-02 11:55,2026-06-15 00:00,No,149.49,2026-06-02 17:30:16
P00307,ALITECNO COMERCIO DE INSUMOS PARA LA INDUSTRIA DE ALIMENTOS,PAOLA CALVACHE,Orden de compra,Pendiente recepción,[FUN002] FUNDA METALIZADA C/VALVULA 1 KG,3000.0,Units,0.262,785.99,2026-06-02 11:53,2026-06-11 00:00,No,903.89,2026-06-02 17:30:16
P00306,TOP TRADING TOPTRA CIA. LTDA.,PAOLA CALVACHE,Orden de compra,Pendiente recepción,[MP00167] ACESULFAME K,25.0,kg,15.5,387.5,2026-06-02 11:49,2026-06-11 00:00,No,445.63,2026-06-02 17:30:16
P00305,MOVERPRINT CIA. LTDA.,PAOLA CALVACHE,Orden de compra,Pendiente recepción,[INS026] RIBBON DE RESINA 450 M,15.0,Units,28.85,432.75,2026-06-02 11:46,2026-06-08 00:00,No,670.16,2026-06-02 17:30:16
P00305,MOVERPRINT CIA. LTDA.,PAOLA CALVACHE,Orden de compra,Pendiente recepción,[ETI002] ETIQUETA ADHESIVA BLANCA 3X8 CM,20000.0,Units,0.0075,150.0,2026-06-02 11:46,2026-06-11 00:00,No,670.16,2026-06-02 17:30:16
P00304,AROMCOLOR S.A.S.,PAOLA CALVACHE,Orden de compra,Pendiente recepción,[MP00247] ESENCIA DE DURAZNO NATURAL,1.0,kg,16.49,16.49,2026-06-02 11:42,2026-06-08 00:00,No,39.66,2026-06-02 17:30:16
P00304,AROMCOLOR S.A.S.,PAOLA CALVACHE,Orden de compra,Pendiente recepción,[MP00102] ESENCIA DE NARANJILLA,1.0,kg,18.0,18.0,2026-06-02 11:42,2026-06-08 00:00,No,39.66,2026-06-02 17:30:16
P00303,LABMAREMI ECUADOR CIA.LTDA.,PAOLA CALVACHE,Orden de compra,Pendiente recepción,[INS016] JABON LIQUIDO DE MANOS,8.0,Units,11.8,94.4,2026-06-02 11:38,2026-06-08 00:00,No,209.19,2026-06-02 17:30:16
P00303,LABMAREMI ECUADOR CIA.LTDA.,PAOLA CALVACHE,Orden de compra,Pendiente recepción,[INS009] FUNDA DE BASURA GRANDE 35X47 CM,50.0,Units,1.75,87.5,2026-06-02 11:38,2026-06-08 00:00,No,209.19,2026-06-02 17:30:16
P00302,GELARDO RUIZ CLARA,PAOLA CALVACHE,Orden de compra,Recibida completa,[MP00022] PIÑA,4141.0,kg,0.5,2070.5,2026-06-02 08:44,2026-05-29 08:44,,2070.5,2026-06-02 17:30:16
P00301,AGUILAR CHUGA CRISTOPHER ALEXANDER,PAOLA CALVACHE,Orden de compra,Pendiente recepción,[MP00003] GUAYABA,4551.0,kg,0.8,3640.8,2026-06-02 08:40,2026-06-02 08:40,Sí,3640.8,2026-06-02 17:30:16
P00300,MINFARMS S.A.S.,PAOLA CALVACHE,Orden de compra,Pendiente recepción,[MP00028] MOTA GUANABANA,1000.0,kg,1.38,1380.0,2026-06-01 16:30,2026-06-02 15:00,No,1380.0,2026-06-02 17:30:16
P00299,CHAVEZ TORRES MARLENE LASTENIA,PAOLA CALVACHE,Orden de compra,Pendiente recepción,[MP00019] NARANJILLA,4300.0,kg,1.0,4300.0,2026-06-01 16:29,2026-06-02 11:00,Sí,4300.0,2026-06-02 17:30:16
P00298,GUANABANA-BIG CIA.LTDA.,PAOLA CALVACHE,Orden de compra,Pendiente recepción,[MP00028] MOTA GUANABANA,6500.0,kg,1.4,9100.0,2026-06-01 16:27,2026-06-02 10:00,Sí,9100.0,2026-06-02 17:30:16
P00297,JIMENEZ POZO OSCAR DAVID,PAOLA CALVACHE,Orden de compra,Pendiente recepción,[MP00036] MORA TIPO B,1000.0,kg,1.15,1150.0,2026-06-01 16:26,2026-06-02 09:26,Sí,1150.0,2026-06-02 17:30:16
P00296,AYALA CUVIÑA KERLY NASHELI,PAOLA CALVACHE,Orden de compra,Pendiente recepción,[MP00036] MORA TIPO B,893.0,kg,1.1,982.3,2026-06-01 16:25,2026-06-01 16:25,Sí,982.3,2026-06-02 17:30:16
P00295,GARCIA GUTIERREZ CARLOS JULIO,PAOLA CALVACHE,Orden de compra,Recibida completa,[MP00014] MARACUYA,6866.0,kg,0.62,4256.92,2026-06-01 08:25,2026-06-01 08:25,,4256.92,2026-06-02 17:30:16
P00294,LLUGLLUNA CAIZA JOSE MIGUEL,PAOLA CALVACHE,Orden de compra,Recibida completa,[MP00221] FRUTILLA DESPITONADA PARA PICAR,781.0,kg,1.04,812.24,2026-06-01 08:24,2026-06-01 06:24,,812.24,2026-06-02 17:30:16
P00292,LISINTUÑA AYALA EDISON JOEL,PAOLA CALVACHE,Orden de compra,Recibida completa,[MP00016] MORA DE CASTILLA,503.0,kg,1.42,714.26,2026-05-29 17:27,2026-05-29 17:27,,714.26,2026-06-02 17:30:16
P00291,QUERIDO LISINTUÑA SONIA TERESA,PAOLA CALVACHE,Orden de compra,Recibida completa,[MP00016] MORA DE CASTILLA,294.0,kg,1.42,417.48,2026-05-29 17:26,2026-05-29 17:26,,417.48,2026-06-02 17:30:16
P00290,Ronquillo Cerda Braulio Mauricio,PAOLA CALVACHE,Orden de compra,Recibida completa,[MP00036] MORA TIPO B,601.0,kg,1.2,721.2,2026-05-29 17:26,2026-05-29 17:26,,721.2,2026-06-02 17:30:16
P00289,Corrugadora Nacional Cransa S.A.,PAOLA CALVACHE,Orden de compra,Pendiente recepción,[INS019] LAMINA SEPARADORA,3000.0,Units,0.151,453.0,2026-05-29 14:59,2026-07-03 00:00,No,520.95,2026-06-02 17:30:16
P00287,Corrugadora Nacional Cransa S.A.,PAOLA CALVACHE,Orden de compra,Pendiente recepción,[EMB100] PERFIL DE EMBALAJE,450.0,Units,0.655,294.75,2026-05-29 14:22,2026-06-26 00:00,No,294.75,2026-06-02 17:30:16
P00286,Corrugadora Nacional Cransa S.A.,PAOLA CALVACHE,Orden de compra,Pendiente recepción,[INS019] LAMINA SEPARADORA,5000.0,Units,0.151,755.0,2026-05-29 14:20,2026-05-29 14:20,Sí,868.25,2026-06-02 17:30:16
P00285,AGUILAR CHUGA CRISTOPHER ALEXANDER,PAOLA CALVACHE,Orden de compra,Recibida completa,[MP00003] GUAYABA,4173.0,kg,0.8,3338.4,2026-05-29 11:18,2026-05-29 08:18,,3338.4,2026-06-02 17:30:16
P00284,LLUGLLUNA CAIZA JOSE MIGUEL,PAOLA CALVACHE,Orden de compra,Recibida completa,[MP00221] FRUTILLA DESPITONADA PARA PICAR,883.0,kg,1.04,918.32,2026-05-29 11:16,2026-05-29 07:16,,918.32,2026-06-02 17:30:16
P00283,CAISALITIN NAULA DARWIN PATRICIO,PAOLA CALVACHE,Orden de compra,Recibida completa,[MP00221] FRUTILLA DESPITONADA PARA PICAR,855.0,kg,1.0,855.0,2026-05-29 11:14,2026-05-29 06:14,,855.0,2026-06-02 17:30:16
P00282,GUANABANA-BIG CIA.LTDA.,PAOLA CALVACHE,Orden de compra,Recibida completa,[MP00028] MOTA GUANABANA,4404.0,kg,1.4,6165.6,2026-05-28 16:54,2026-05-28 15:54,,6165.6,2026-06-02 17:30:16
P00281,FRIPA S.A.S.,PAOLA CALVACHE,Orden de compra,Recibida completa,[MP00028] MOTA GUANABANA,953.0,kg,1.3,1238.9,2026-05-28 16:50,2026-05-28 11:50,,1238.9,2026-06-02 17:30:16
P00280,AYALA ANTE JOSE MANUEL,PAOLA CALVACHE,Orden de compra,Recibida completa,[MP00036] MORA TIPO B,773.0,kg,1.2,927.6,2026-05-28 16:48,2026-05-28 09:48,,927.6,2026-06-02 17:30:16
P00279,Compania Nacional de Plasticos Conaplas S.A.,PAOLA CALVACHE,Orden de compra,Pendiente recepción,[CIN002] CINTA DE EMBALAJE TRANSP 48X100 YD,360.0,Units,0.65,234.0,2026-05-28 15:30,2026-06-03 00:00,No,456.78,2026-06-02 17:30:16
P00279,Compania Nacional de Plasticos Conaplas S.A.,PAOLA CALVACHE,Orden de compra,Pendiente recepción,[CIN003] CINTA DE EMBALAJE TRANSP 48X1000 YD,24.0,Units,6.8,163.2,2026-05-28 15:30,2026-06-03 00:00,No,456.78,2026-06-02 17:30:16
P00278,DON GATO SUPERMERCADO MAYORISTA S.A.,PAOLA CALVACHE,Orden de compra,Pendiente recepción,[MP00051] AZUCAR,2500.0,kg,0.73,1825.0,2026-05-28 15:01,2026-06-04 00:00,No,1825.0,2026-06-02 17:30:16
P00277,APRACOM S.A.,PAOLA CALVACHE,Orden de compra,Pendiente recepción,[INS014] JABON BC ALK CLOR,60.0,kg,1.85,111.0,2026-05-28 14:57,2026-06-02 00:00,Sí,301.89,2026-06-02 17:30:16
P00277,APRACOM S.A.,PAOLA CALVACHE,Orden de compra,Pendiente recepción,[INS007] CLORO 10%,20.0,kg,0.95,19.0,2026-05-28 14:57,2026-06-02 00:00,Sí,301.89,2026-06-02 17:30:16
P00277,APRACOM S.A.,PAOLA CALVACHE,Orden de compra,Pendiente recepción,[INS002] AGUA DESTILADA GALON,9.0,Units,2.39,21.51,2026-05-28 14:57,2026-06-02 00:00,Sí,301.89,2026-06-02 17:30:16
P00277,APRACOM S.A.,PAOLA CALVACHE,Orden de compra,Pendiente recepción,[INS013] JABON ALK 25,60.0,kg,1.85,111.0,2026-05-28 14:57,2026-06-02 00:00,Sí,301.89,2026-06-02 17:30:16
P00276,SMART CHEMISTRY SMACH S.A.,PAOLA CALVACHE,Orden de compra,Recibida completa,[INS001] ACIDO PERACETICO 15%,46.0,kg,5.9,271.4,2026-05-28 14:45,2026-06-02 00:00,,312.11,2026-06-02 17:30:16
P00275,DIAZ LALANGUI PEDRO FRANCISCO,PAOLA CALVACHE,Orden de compra,Recibida completa,[MP00028] MOTA GUANABANA,883.0,kg,1.4,1236.2,2026-05-27 17:15,2026-05-27 17:15,,1236.2,2026-06-02 17:30:16
P00273,MINFARMS S.A.S.,PAOLA CALVACHE,Orden de compra,Recibida completa,[MP00028] MOTA GUANABANA,609.0,kg,1.38,840.42,2026-05-26 17:08,2026-05-26 15:08,,840.42,2026-06-02 17:30:16
P00272,CHAVEZ TORRES MARLENE LASTENIA,PAOLA CALVACHE,Orden de compra,Recibida completa,[MP00019] NARANJILLA,3280.0,kg,1.0,3280.0,2026-05-26 16:04,2026-05-26 16:04,,3280.0,2026-06-02 17:30:16
P00271,CHIGUANO AYALA EDGAR DAVID,PAOLA CALVACHE,Orden de compra,Recibida completa,[MP00036] MORA TIPO B,245.0,kg,1.25,306.25,2026-05-26 16:03,2026-05-26 16:03,,306.25,2026-06-02 17:30:16
P00270,JIMENEZ POZO OSCAR DAVID,PAOLA CALVACHE,Orden de compra,Recibida completa,[MP00036] MORA TIPO B,1368.0,kg,1.25,1710.0,2026-05-26 16:02,2026-05-26 16:02,,1710.0,2026-06-02 17:30:16
P00269,SILVA ARMIJOS JESSICA DANIELA,PAOLA CALVACHE,Orden de compra,Recibida completa,[MP00016] MORA DE CASTILLA,458.0,kg,1.42,650.36,2026-05-26 16:00,2026-05-26 16:00,,650.36,2026-06-02 17:30:16
P00268,LISINTUÑA TIPAN CARMEN MARIA,PAOLA CALVACHE,Orden de compra,Recibida completa,[MP00016] MORA DE CASTILLA,367.0,kg,1.42,521.14,2026-05-26 15:58,2026-05-26 15:58,,521.14,2026-06-02 17:30:16
P00267,GARCES ERAZO ESTEBAN ISRAEL,PAOLA CALVACHE,Orden de compra,Recibida completa,[MP00012] TOMATE DE ARBOL,1147.0,kg,1.25,1433.75,2026-05-26 15:55,2026-05-26 15:55,,1433.75,2026-06-02 17:30:16
P00266,AGUILAR CHUGA CRISTOPHER ALEXANDER,PAOLA CALVACHE,Orden de compra,Recibida completa,[MP00003] GUAYABA,2677.0,kg,0.8,2141.6,2026-05-26 15:52,2026-05-26 15:52,,2141.6,2026-06-02 17:30:16
P00265,LLUGLLUNA CAIZA JOSE MIGUEL,PAOLA CALVACHE,Orden de compra,Recibida completa,[MP00007] FRUTILLA,1705.0,kg,0.9,1534.5,2026-05-26 15:50,2026-05-26 15:50,,1534.5,2026-06-02 17:30:16
P00264,NOGUERA GILER YOFFRE GEOVANNY,PAOLA CALVACHE,Orden de compra,Recibida completa,[MP00014] MARACUYA,7174.0,kg,0.74,5308.76,2026-05-25 19:09,2026-05-26 19:09,,5308.76,2026-06-02 17:30:16
P00263,GUANABANA-BIG CIA.LTDA.,PAOLA CALVACHE,Orden de compra,Recibida completa,[MP00028] MOTA GUANABANA,4016.0,kg,1.4,5622.4,2026-05-22 16:55,2026-05-22 16:55,,5622.4,2026-06-02 17:30:16
P00262,LISINTUÑA AYALA EDISON JOEL,PAOLA CALVACHE,Orden de compra,Recibida completa,[MP00016] MORA DE CASTILLA,275.0,kg,1.42,390.5,2026-05-22 16:21,2026-05-22 16:21,,390.5,2026-06-02 17:30:16
P00261,QUERIDO LISINTUÑA SONIA TERESA,PAOLA CALVACHE,Orden de compra,Recibida completa,[MP00016] MORA DE CASTILLA,184.0,kg,1.42,261.28,2026-05-22 16:18,2026-05-22 14:18,,261.28,2026-06-02 17:30:16
P00260,Ronquillo Cerda Braulio Mauricio,PAOLA CALVACHE,Orden de compra,Recibida completa,[MP00036] MORA TIPO B,590.0,kg,1.2,708.0,2026-05-22 16:10,2026-05-22 13:10,,708.0,2026-06-02 17:30:16
P00259,FRIPA S.A.S.,PAOLA CALVACHE,Orden de compra,Recibida completa,[MP00028] MOTA GUANABANA,1012.0,kg,1.3,1315.6,2026-05-22 16:07,2026-05-22 16:07,,1315.6,2026-06-02 17:30:16
P00258,SILVA ARMIJOS JESSICA DANIELA,PAOLA CALVACHE,Orden de compra,Recibida completa,[MP00016] MORA DE CASTILLA,122.0,kg,1.42,173.24,2026-05-22 16:04,2026-05-22 09:04,,173.24,2026-06-02 17:30:16
P00257,LISINTUÑA TIPAN CARMEN MARIA,PAOLA CALVACHE,Orden de compra,Recibida completa,[MP00016] MORA DE CASTILLA,122.0,kg,1.42,173.24,2026-05-22 16:02,2026-05-22 09:02,,173.24,2026-06-02 17:30:16
P00256,AGUILAR CHUGA CRISTOPHER ALEXANDER,PAOLA CALVACHE,Orden de compra,Recibida completa,[MP00003] GUAYABA,4860.0,kg,0.8,3888.0,2026-05-22 15:58,2026-05-22 10:58,,3888.0,2026-06-02 17:30:16
P00255,DIAZ LALANGUI PEDRO FRANCISCO,PAOLA CALVACHE,Orden de compra,Recibida completa,[MP00028] MOTA GUANABANA,1766.0,kg,1.45,2560.7,2026-05-21 16:42,2026-05-21 15:42,,2560.7,2026-06-02 17:30:16
P00254,AYALA ANTE JOSE MANUEL,PAOLA CALVACHE,Orden de compra,Recibida completa,[MP00036] MORA TIPO B,1310.0,kg,1.2,1572.0,2026-05-21 16:42,2026-05-21 11:42,,1572.0,2026-06-02 17:30:16
P00253,MILANPLASTIC S A,PAOLA CALVACHE,Orden de compra,Pendiente recepción,[ROL204] ROLLO FUNDA GOYA USA PULPA DE MANGO 12X14 OZ,300.0,kg,6.2,1860.0,2026-05-21 15:14,2026-07-16 00:00,No,2139.0,2026-06-02 17:30:16
P00252,MILANPLASTIC S A,PAOLA CALVACHE,Orden de compra,Pendiente recepción,[FUN208] FUNDA GOYA USA PULPA DE PIÑA,35000.0,Units,0.0316,1106.0,2026-05-21 15:12,2026-07-01 00:00,No,1271.9,2026-06-02 17:30:16
P00251,Corrugadora Nacional Cransa S.A.,PAOLA CALVACHE,Orden de compra,Pendiente recepción,[CAJ207] CAJA GOYA USA PULPA DE PAPAYA,1500.0,Units,0.301,451.5,2026-05-21 15:08,2026-06-22 00:00,No,865.38,2026-06-02 17:30:16
P00251,Corrugadora Nacional Cransa S.A.,PAOLA CALVACHE,Orden de compra,Pendiente recepción,[CAJ208] CAJA GOYA USA PULPA DE PIÑA,1000.0,Units,0.301,301.0,2026-05-21 15:08,2026-06-22 00:00,No,865.38,2026-06-02 17:30:16
P00250,MILANPLASTIC S A,PAOLA CALVACHE,Orden de compra,Pendiente recepción,[ROL202] ROLLO FUNDA GOYA USA PULPA DE GUAYABA 12X14 OZ,300.0,kg,6.2,1860.0,2026-05-21 15:06,2026-06-19 00:00,No,2139.0,2026-06-02 17:30:16
P00249,Corrugadora Nacional Cransa S.A.,PAOLA CALVACHE,Orden de compra,Pendiente recepción,[CAJ201] CAJA GOYA USA PULPA DE GUANABANA,2000.0,Units,0.301,602.0,2026-05-21 15:05,2026-06-19 00:00,No,692.3,2026-06-02 17:30:16
P00248,Corrugadora Nacional Cransa S.A.,PAOLA CALVACHE,Orden de compra,Pendiente recepción,[CAJ203] CAJA GOYA USA PULPA DE LULO,1500.0,Units,0.301,451.5,2026-05-21 15:03,2026-06-12 00:00,No,706.15,2026-06-02 17:30:16
P00248,Corrugadora Nacional Cransa S.A.,PAOLA CALVACHE,Orden de compra,Pendiente recepción,[CAJ207] CAJA GOYA USA PULPA DE PAPAYA,540.0,Units,0.301,162.54,2026-05-21 15:03,2026-06-12 00:00,No,706.15,2026-06-02 17:30:16
P00247,Corrugadora Nacional Cransa S.A.,PAOLA CALVACHE,Orden de compra,Pendiente recepción,[CAJ208] CAJA GOYA USA PULPA DE PIÑA,540.0,Units,0.301,162.54,2026-05-21 15:01,2026-06-05 00:00,No,706.15,2026-06-02 17:30:16
P00247,Corrugadora Nacional Cransa S.A.,PAOLA CALVACHE,Orden de compra,Pendiente recepción,[CAJ202] CAJA GOYA USA PULPA DE GUAYABA,1500.0,Units,0.301,451.5,2026-05-21 15:01,2026-06-05 00:00,No,706.15,2026-06-02 17:30:16
P00246,GUANABANA-BIG CIA.LTDA.,PAOLA CALVACHE,Orden de compra,Recibida completa,[MP00028] MOTA GUANABANA,6620.0,kg,1.4,9268.0,2026-05-20 16:19,2026-05-20 14:19,,9268.0,2026-06-02 17:30:16
P00245,MAYORGA CABRERA DAMIAN HENRY,PAOLA CALVACHE,Orden de compra,Recibida completa,[MP00213] DURAZNO GRADO 8,320.0,kg,1.45,464.0,2026-05-20 16:17,2026-05-20 16:17,,464.0,2026-06-02 17:30:16
P00244,CAJIAO BEJAR ALEXANDRA YOLANDA,PAOLA CALVACHE,Orden de compra,Recibida completa,[MP00213] DURAZNO GRADO 8,233.0,kg,1.05,244.65,2026-05-20 11:30,2026-05-20 11:30,,244.65,2026-06-02 17:30:16
P00243,LUCIO GARCIA FELIX ANCELMO,PAOLA CALVACHE,Orden de compra,Recibida completa,[MP00020] PAPAYA,3994.0,kg,1.15,4593.1,2026-05-20 11:29,2026-05-20 07:29,,4593.1,2026-06-02 17:30:16
P00242,LAGUAQUIZA SANGUCHO SERGIO PAUL,PAOLA CALVACHE,Orden de compra,Recibida completa,[MP00154] FRUTILLA DESPITONADA PARA TOPPING,309.0,kg,1.04,321.36,2026-05-20 11:24,2026-05-20 06:24,,321.36,2026-06-02 17:30:16
P00241,MINFARMS S.A.S.,PAOLA CALVACHE,Orden de compra,Recibida completa,[MP00028] MOTA GUANABANA,813.0,kg,1.38,1121.94,2026-05-19 21:05,2026-05-19 16:05,,1121.94,2026-06-02 17:30:16
P00240,CHAVEZ TORRES MARLENE LASTENIA,PAOLA CALVACHE,Orden de compra,Recibida completa,[MP00019] NARANJILLA,1681.0,kg,0.85,1428.85,2026-05-19 21:04,2026-05-19 21:04,,1428.85,2026-06-02 17:30:16
P00239,CHAVEZ TORRES MARLENE LASTENIA,PAOLA CALVACHE,Orden de compra,Recibida completa,[MP00019] NARANJILLA,4400.0,kg,1.0,4400.0,2026-05-19 21:03,2026-05-19 21:03,,4400.0,2026-06-02 17:30:16
P00238,MILANPLASTIC S A,PAOLA CALVACHE,Orden de compra,Recibida completa,[FUN108] FUNDA MERICA PULPA MARACUYA CON PEPAS 500 g,47600.0,Units,0.061,2903.6,2026-05-19 14:57,2026-05-14 14:57,,3339.14,2026-06-02 17:30:16
P00237,COMPANIA DE TRANSPORTE TYDCOSERVICES S.A.,PAOLA CALVACHE,Orden de compra,Recibida completa,[INS032] Diesel,1000.0,Units,4.1264,4126.45,2026-05-20 07:30,2026-05-20 12:29,,4745.42,2026-06-02 17:30:16
P00236,JIMENEZ POZO OSCAR DAVID,PAOLA CALVACHE,Orden de compra,Recibida completa,[MP00036] MORA TIPO B,1315.0,kg,1.25,1643.75,2026-05-19 11:49,2026-05-19 10:49,,1643.75,2026-06-02 17:30:16
P00235,AGUILAR CHUGA CRISTOPHER ALEXANDER,PAOLA CALVACHE,Orden de compra,Recibida completa,[MP00003] GUAYABA,4025.0,kg,0.8,3220.0,2026-05-19 11:45,2026-05-19 07:45,,3220.0,2026-06-02 17:30:16
P00234,DIAZ LALANGUI PEDRO FRANCISCO,PAOLA CALVACHE,Orden de compra,Recibida completa,[MP00005] COCO,1934.0,kg,3.9,7542.6,2026-05-19 11:44,2026-05-19 06:44,,7542.6,2026-06-02 17:30:16
P00233,EVIAS PAEZ LEONELA ANDREINA,PAOLA CALVACHE,Orden de compra,Recibida completa,[MP00034] ARANDANO,666.0,kg,7.6,5061.6,2026-05-19 11:08,2026-05-18 11:08,,5061.6,2026-06-02 17:30:16
P00232,ALITECNO COMERCIO DE INSUMOS PARA LA INDUSTRIA DE ALIMENTOS,PAOLA CALVACHE,Orden de compra,Recibida completa,[EPP029] MANDIL AZUL PVC,40.0,Units,14.5,580.0,2026-05-20 15:53,2026-05-03 00:00,,667.0,2026-06-02 17:30:16
P00231,MILANPLASTIC S A,PAOLA CALVACHE,Orden de compra,Recibida completa,[FUN110] FUNDA MERICA MORA ENTERA 500 g,53300.0,Units,0.061,3251.3,2026-05-13 15:44,2026-05-13 15:44,,3739.0,2026-06-02 17:30:16
P00230,LLUGLLUNA CAIZA JOSE MIGUEL,PAOLA CALVACHE,Orden de compra,Recibida completa,[MP00007] FRUTILLA,1599.0,kg,0.9,1439.1,2026-05-18 15:38,2026-05-18 06:38,,1439.1,2026-06-02 17:30:16
P00229,AMCECUADOR CIA. LTDA.,PAOLA CALVACHE,Orden de compra,Recibida completa,[EPP025] GUANTE CAUCHO NEGRO TALLA 8,36.0,Units,1.4,50.4,2026-05-18 15:15,2026-05-20 00:00,,328.03,2026-06-02 17:30:16
P00229,AMCECUADOR CIA. LTDA.,PAOLA CALVACHE,Orden de compra,Recibida completa,[EPP023] GUANTE CAUCHO AZUL TALLA 8,36.0,Units,1.27,45.72,2026-05-18 15:15,2026-05-20 00:00,,328.03,2026-06-02 17:30:16
P00229,AMCECUADOR CIA. LTDA.,PAOLA CALVACHE,Orden de compra,Recibida completa,[EPP021] GUANTE CAUCHO AMARILLO TALLA 8,36.0,Units,1.27,45.72,2026-05-18 15:15,2026-05-20 00:00,,328.03,2026-06-02 17:30:16
P00229,AMCECUADOR CIA. LTDA.,PAOLA CALVACHE,Orden de compra,Recibida completa,[EPP026] GUANTE CAUCHO NEGRO TALLA 9,48.0,Units,1.4,67.2,2026-05-18 15:15,2026-05-20 00:00,,328.03,2026-06-02 17:30:16
P00229,AMCECUADOR CIA. LTDA.,PAOLA CALVACHE,Orden de compra,Recibida completa,[EPP022] GUANTE CAUCHO AMARILLO TALLA 9,60.0,Units,1.27,76.2,2026-05-18 15:15,2026-05-20 00:00,,328.03,2026-06-02 17:30:16
P00228,LISINTUÑA AYALA EDISON JOEL,PAOLA CALVACHE,Orden de compra,Recibida completa,[MP00016] MORA DE CASTILLA,282.0,kg,1.42,400.44,2026-05-15 16:39,2026-05-15 16:39,,400.44,2026-06-02 17:30:16
P00227,QUERIDO LISINTUÑA SONIA TERESA,PAOLA CALVACHE,Orden de compra,Recibida completa,[MP00242] MORA CATEGORIA 1,103.0,kg,1.5,154.5,2026-05-15 16:17,2026-05-15 16:17,,154.5,2026-06-02 17:30:16
P00226,Ronquillo Cerda Braulio Mauricio,PAOLA CALVACHE,Orden de compra,Recibida completa,[MP00036] MORA TIPO B,213.0,kg,1.2,255.6,2026-05-15 16:15,2026-05-15 13:15,,255.6,2026-06-02 17:30:16
P00225,CAISALITIN NAULA DARWIN PATRICIO,PAOLA CALVACHE,Orden de compra,Recibida completa,[MP00154] FRUTILLA DESPITONADA PARA TOPPING,602.0,kg,1.0,602.0,2026-05-15 16:06,2026-05-15 07:06,,602.0,2026-06-02 17:30:16
P00224,LAGUAQUIZA SANGUCHO SERGIO PAUL,PAOLA CALVACHE,Orden de compra,Recibida completa,[MP00154] FRUTILLA DESPITONADA PARA TOPPING,455.0,kg,1.04,473.2,2026-05-15 15:20,2026-05-15 15:20,,473.2,2026-06-02 17:30:16
P00223,MILANPLASTIC S A,PAOLA CALVACHE,Orden de compra,Recibida completa,[FUN204] FUNDA GOYA USA PULPA DE MANGO,70300.0,Units,0.0441,3100.23,2026-05-15 14:45,2026-05-12 14:45,,3565.26,2026-06-02 17:30:16
P00222,MILANPLASTIC S A,PAOLA CALVACHE,Orden de compra,Recibida completa,[FUN110] FUNDA MERICA MORA ENTERA 500 g,14000.0,Units,0.061,854.0,2026-05-15 14:44,2026-05-12 14:44,,982.1,2026-06-02 17:30:16
P00221,AYALA ANTE JOSE MANUEL,PAOLA CALVACHE,Orden de compra,Recibida completa,[MP00235] MORA DESPITONADA,350.0,kg,1.4,490.0,2026-05-15 03:06,2026-05-14 09:06,,490.0,2026-06-02 17:30:16
P00220,AYALA ANTE JOSE MANUEL,PAOLA CALVACHE,Orden de compra,Recibida completa,[MP00036] MORA TIPO B,573.0,kg,1.2,687.6,2026-05-15 03:05,2026-05-14 09:05,,687.6,2026-06-02 17:30:16
P00219,AGUILAR CHUGA CRISTOPHER ALEXANDER,PAOLA CALVACHE,Orden de compra,Recibida completa,[MP00003] GUAYABA,3268.0,kg,0.8,2614.4,2026-05-15 03:03,2026-05-14 07:03,,2614.4,2026-06-02 17:30:16
P00218,DIAZ LALANGUI PEDRO FRANCISCO,PAOLA CALVACHE,Orden de compra,Recibida completa,[MP00028] MOTA GUANABANA,1670.0,kg,1.45,2421.5,2026-05-13 17:13,2026-05-13 17:13,,2421.5,2026-06-02 17:30:16
P00217,LUCIO GARCIA FELIX ANCELMO,PAOLA CALVACHE,Orden de compra,Recibida completa,[MP00020] PAPAYA,4367.0,kg,1.15,5022.05,2026-05-13 17:11,2026-05-13 07:11,,5022.05,2026-06-02 17:30:16
P00216,MILANPLASTIC S A,PAOLA CALVACHE,Orden de compra,Recibida completa,[FUN102] FUNDA MERICA PULPA DE MANGO 250 g,68300.0,Units,0.0323,2206.09,2026-05-13 14:10,2026-05-11 14:10,,2537.0,2026-06-02 17:30:16
P00215,MILANPLASTIC S A,PAOLA CALVACHE,Orden de compra,Recibida completa,[FUN104] FUNDA MERICA PULPA DE MORA 250 g,65300.0,Units,0.0323,2109.19,2026-05-13 14:09,2026-05-11 14:09,,2425.57,2026-06-02 17:30:16
P00214,MILANPLASTIC S A,PAOLA CALVACHE,Orden de compra,Recibida completa,[FUN206] FUNDA GOYA USA PULPA DE MORA,70100.0,Units,0.0441,3091.41,2026-05-13 14:08,2026-05-11 14:08,,3555.12,2026-06-02 17:30:16
P00213,SECADO Y TRATADO DE MADERA SETRAMAD CIA. LTDA.,PAOLA CALVACHE,Orden de compra,Recibida completa,[PAL0001] PALLET RECICLADO DE MADERA ESTANDAR 100X120 CM,60.0,Units,6.5,390.0,2026-05-13 14:01,2026-05-11 14:01,,448.5,2026-06-02 17:30:16
P00212,DISTRIBUIDORA DESCALZI S.A.,PAOLA CALVACHE,Orden de compra,Recibida completa,[CAL010] HISOPO CLEAN TRACE SUPERFICIE UXL100,150.0,Units,2.4,360.0,2026-05-13 12:53,2026-05-15 00:00,,1541.58,2026-06-02 17:30:16
P00212,DISTRIBUIDORA DESCALZI S.A.,PAOLA CALVACHE,Orden de compra,Recibida completa,[CAL009] PLACA PTRFLM AEROBIOS,100.0,Units,1.02,102.0,2026-05-13 12:53,2026-05-15 00:00,,1541.58,2026-06-02 17:30:16
P00212,DISTRIBUIDORA DESCALZI S.A.,PAOLA CALVACHE,Orden de compra,Recibida completa,[CAL008] PLACA PTRFLM MOHOS Y LEVADURA,100.0,Units,1.15,115.0,2026-05-13 12:53,2026-05-15 00:00,,1541.58,2026-06-02 17:30:16
P00212,DISTRIBUIDORA DESCALZI S.A.,PAOLA CALVACHE,Orden de compra,Recibida completa,[CAL007] PLACA PTRFLM RAPID E. COLI-COLIFORME,150.0,Units,2.04,306.0,2026-05-13 12:53,2026-05-15 00:00,,1541.58,2026-06-02 17:30:16
P00212,DISTRIBUIDORA DESCALZI S.A.,PAOLA CALVACHE,Orden de compra,Recibida completa,[CAL006] PLACA PTRFLM RAPID MOHOS Y LEVADURAS,150.0,Units,1.7,255.0,2026-05-13 12:53,2026-05-15 00:00,,1541.58,2026-06-02 17:30:16
P00212,DISTRIBUIDORA DESCALZI S.A.,PAOLA CALVACHE,Orden de compra,Recibida completa,[CAL005] PLACA PTRFLM RAPID AEROBIOS,25.0,Units,1.7,42.5,2026-05-13 12:53,2026-05-15 00:00,,1541.58,2026-06-02 17:30:16
P00212,DISTRIBUIDORA DESCALZI S.A.,PAOLA CALVACHE,Orden de compra,Recibida completa,[CAL002] HISOPO CLEAN TRACE WATER AQT200,40.0,Units,4.0,160.0,2026-05-13 12:53,2026-05-15 00:00,,1541.58,2026-06-02 17:30:16
P00211,QUICORNAC S.A.,PAOLA CALVACHE,Orden de compra,Recibida completa,[MP00024] CONCENTRADO DE GUAYABA,4400.0,kg,2.2,9680.0,2026-05-13 09:28,2026-05-14 09:28,,11132.0,2026-06-02 17:30:16
P00210,MINFARMS S.A.S.,PAOLA CALVACHE,Orden de compra,Recibida completa,[MP00028] MOTA GUANABANA,982.0,kg,1.38,1355.16,2026-05-13 08:57,2026-05-12 08:57,,1355.16,2026-06-02 17:30:16
P00209,CHAVEZ TORRES MARLENE LASTENIA,PAOLA CALVACHE,Orden de compra,Recibida completa,[MP00019] NARANJILLA,3562.0,kg,1.0,3562.0,2026-05-12 16:12,2026-05-12 12:12,,3562.0,2026-06-02 17:30:16
P00208,JIMENEZ POZO OSCAR DAVID,PAOLA CALVACHE,Orden de compra,Recibida completa,[MP00036] MORA TIPO B,1073.0,kg,1.25,1341.25,2026-05-12 16:10,2026-05-12 09:10,,1341.25,2026-06-02 17:30:16
P00207,Ronquillo Cerda Braulio Mauricio,PAOLA CALVACHE,Orden de compra,Recibida completa,[MP00036] MORA TIPO B,175.0,kg,1.2,210.0,2026-05-12 15:02,2026-05-08 15:02,,210.0,2026-06-02 17:30:16
P00206,MILANPLASTIC S A,PAOLA CALVACHE,Orden de compra,Recibida completa,[FUN107] FUNDA MERICA PULPA GUAYABA 250 g,70000.0,Units,0.0323,2261.0,2026-05-12 12:18,2026-05-08 12:18,,2600.15,2026-06-02 17:30:16
P00205,GUANABANA-BIG CIA.LTDA.,PAOLA CALVACHE,Orden de compra,Recibida completa,[MP00028] MOTA GUANABANA,4944.0,kg,1.4,6921.6,2026-05-12 09:56,2026-05-11 09:56,,6921.6,2026-06-02 17:30:16
P00204,GARCES ERAZO ESTEBAN ISRAEL,PAOLA CALVACHE,Orden de compra,Recibida completa,[MP00012] TOMATE DE ARBOL,5907.0,kg,1.25,7383.75,2026-05-11 17:00,2026-05-12 17:00,,7383.75,2026-06-02 17:30:16
P00203,GARCES ERAZO ESTEBAN ISRAEL,PAOLA CALVACHE,Orden de compra,Recibida completa,[MP00241] TOMATE DE ARBOL 4 CM,672.0,kg,1.55,1041.6,2026-05-11 16:58,2026-05-12 16:58,,1041.6,2026-06-02 17:30:16
P00202,NOGUERA GILER YOFFRE GEOVANNY,PAOLA CALVACHE,Orden de compra,Recibida completa,[MP00014] MARACUYA,7593.0,kg,0.72,5466.96,2026-05-11 16:54,2026-05-12 16:54,,5466.96,2026-06-02 17:30:16
P00201,ETIQUETAS-FIR CIA.LTDA.,PAOLA CALVACHE,Orden de compra,Recibida completa,"[ETI004] ETIQUETA ADHESIVA BLANCA TROQUELADA 10,1X6,4 CM",20000.0,Units,0.01,200.0,2026-05-11 09:11,2026-05-15 09:11,,230.0,2026-06-02 17:30:16
P00200,GUANABANA-BIG CIA.LTDA.,PAOLA CALVACHE,Orden de compra,Recibida completa,[MP00028] MOTA GUANABANA,4977.0,kg,1.4,6967.8,2026-05-08 16:14,2026-05-08 16:14,,6967.8,2026-06-02 17:30:16
P00199,LISINTUÑA AYALA EDISON JOEL,PAOLA CALVACHE,Orden de compra,Recibida completa,[MP00016] MORA DE CASTILLA,213.0,kg,1.42,302.46,2026-05-08 16:13,2026-05-08 16:13,,302.46,2026-06-02 17:30:16
P00198,QUERIDO LISINTUÑA SONIA TERESA,PAOLA CALVACHE,Orden de compra,Recibida completa,[MP00016] MORA DE CASTILLA,150.0,kg,1.42,213.0,2026-05-08 16:11,2026-05-08 11:11,,213.0,2026-06-02 17:30:16
P00197,SILVA ARMIJOS JESSICA DANIELA,PAOLA CALVACHE,Orden de compra,Recibida completa,[MP00016] MORA DE CASTILLA,362.0,kg,1.42,514.04,2026-05-08 16:02,2026-05-08 09:02,,514.04,2026-06-02 17:30:16
P00196,LISINTUÑA TIPAN CARMEN MARIA,PAOLA CALVACHE,Orden de compra,Recibida completa,[MP00016] MORA DE CASTILLA,242.0,kg,1.42,343.64,2026-05-08 15:59,2026-05-08 08:59,,343.64,2026-06-02 17:30:16
P00195,GALLARDO PORTILLA EDWIN GEOVANNY,PAOLA CALVACHE,Orden de compra,Recibida completa,[MP00212] NARANJILLA DE JUGO,1302.0,kg,1.0,1302.0,2026-05-08 15:40,2026-05-08 15:40,,1302.0,2026-06-02 17:30:16
P00194,GELARDO RUIZ CLARA,PAOLA CALVACHE,Orden de compra,Recibida completa,[MP00022] PIÑA,1218.0,kg,0.35,426.3,2026-05-08 15:37,2026-05-08 06:37,,426.3,2026-06-02 17:30:16
P00193,CHIRIBOGA LOPEZ LUIS SANTIAGO,PAOLA CALVACHE,Orden de compra,Recibida completa,[MP00034] ARANDANO,272.0,kg,5.8,1577.6,2026-05-07 17:04,2026-05-07 12:04,,1577.6,2026-06-02 17:30:16
P00191,AYALA ANTE JOSE MANUEL,PAOLA CALVACHE,Orden de compra,Recibida completa,[MP00036] MORA TIPO B,512.0,kg,1.2,614.4,2026-05-07 16:59,2026-05-07 09:59,,614.4,2026-06-02 17:30:16
P00190,AGUILAR CHUGA CRISTOPHER ALEXANDER,PAOLA CALVACHE,Orden de compra,Recibida completa,[MP00003] GUAYABA,4268.0,kg,0.8,3414.4,2026-05-07 16:58,2026-05-07 08:58,,3414.4,2026-06-02 17:30:16
P00189,CAISALITIN NAULA DARWIN PATRICIO,PAOLA CALVACHE,Orden de compra,Recibida completa,[MP00154] FRUTILLA DESPITONADA PARA TOPPING,1015.0,kg,1.0,1015.0,2026-05-07 14:41,2026-05-07 06:41,,1015.0,2026-06-02 17:30:16
P00188,DIAZ LALANGUI PEDRO FRANCISCO,PAOLA CALVACHE,Orden de compra,Recibida completa,[MP00028] MOTA GUANABANA,1151.0,kg,1.48,1703.48,2026-05-06 16:18,2026-05-06 16:18,,1703.48,2026-06-02 17:30:16
P00187,COMERCIO EXTERIOR CECOMEX S.A.,PAOLA CALVACHE,Orden de compra,Recibida completa,[INS003] AIRBAG FUNDA PLASTICA 90X180 CM,60.0,Units,8.9,534.0,2026-05-06 15:31,2026-05-07 15:31,,614.1,2026-06-02 17:30:16
P00186,MINFARMS S.A.S.,PAOLA CALVACHE,Orden de compra,Recibida completa,[MP00028] MOTA GUANABANA,1498.0,kg,1.38,2067.24,2026-05-05 20:29,2026-05-05 14:29,,2067.24,2026-06-02 17:30:16
P00185,CHAVEZ TORRES MARLENE LASTENIA,PAOLA CALVACHE,Orden de compra,Recibida completa,[MP00019] NARANJILLA,1925.0,kg,1.0,1925.0,2026-05-05 16:14,2026-05-05 11:14,,1925.0,2026-06-02 17:30:16
P00184,JIMENEZ POZO OSCAR DAVID,PAOLA CALVACHE,Orden de compra,Recibida completa,[MP00036] MORA TIPO B,1069.0,kg,1.25,1336.25,2026-05-05 16:11,2026-05-05 16:11,,1336.25,2026-06-02 17:30:16
P00183,CHIGUANO AYALA EDGAR DAVID,PAOLA CALVACHE,Orden de compra,Recibida completa,[MP00036] MORA TIPO B,205.0,kg,1.25,256.25,2026-05-05 16:08,2026-05-05 08:30,,256.25,2026-06-02 17:30:16
P00182,VILLAVICENCIO VERA KARLA VIVIANA,PAOLA CALVACHE,Orden de compra,Recibida completa,[MP00003] GUAYABA,2279.0,kg,0.9,2051.1,2026-05-05 15:56,2026-05-05 07:56,,2051.1,2026-06-02 17:30:16
P00181,LABMAREMI ECUADOR CIA.LTDA.,PAOLA CALVACHE,Orden de compra,Recibida completa,[INS030] GUANTE DESECHABLE TALLA L,15.0,Units,4.4,66.0,2026-05-05 15:37,2026-05-07 00:00,,132.0,2026-06-02 17:30:16
P00181,LABMAREMI ECUADOR CIA.LTDA.,PAOLA CALVACHE,Orden de compra,Recibida completa,[INS029] GUANTE DESECHABLE TALLA M,15.0,Units,4.4,66.0,2026-05-05 15:37,2026-05-07 00:00,,132.0,2026-06-02 17:30:16
P00180,PRODUTECNICA S.A.,PAOLA CALVACHE,Orden de compra,Recibida completa,[MP00132] ANTI ESPUMANTE PROSIL AF-1520,20.0,kg,8.0,160.0,2026-05-05 15:30,2026-05-11 15:30,,184.0,2026-06-02 17:30:16
P00179,QUIMERCO S.A.S,PAOLA CALVACHE,Orden de compra,Recibida completa,[MP00206] ALMIDON KOL GUARDO NG,181.44,kg,3.2,580.61,2026-05-05 15:21,2026-05-18 00:00,,1398.0,2026-06-02 17:30:16
P00179,QUIMERCO S.A.S,PAOLA CALVACHE,Orden de compra,Recibida completa,[MP00120] FRUCTOSA,181.44,kg,3.5,635.04,2026-05-05 15:21,2026-05-18 00:00,,1398.0,2026-06-02 17:30:16
P00178,TOP TRADING TOPTRA CIA. LTDA.,PAOLA CALVACHE,Orden de compra,Recibida completa,[MP00056] ACIDO ASCORBICO,50.0,kg,5.81,290.5,2026-05-05 15:17,2026-05-18 00:00,,407.68,2026-06-02 17:30:16
P00178,TOP TRADING TOPTRA CIA. LTDA.,PAOLA CALVACHE,Orden de compra,Recibida completa,[MP00057] ACIDO CITRICO,50.0,kg,1.28,64.0,2026-05-05 15:17,2026-05-25 00:00,,407.68,2026-06-02 17:30:16
P00177,ALITECNO COMERCIO DE INSUMOS PARA LA INDUSTRIA DE ALIMENTOS,PAOLA CALVACHE,Orden de compra,Recibida completa,[FUN002] FUNDA METALIZADA C/VALVULA 1 KG,2000.0,Units,0.27,540.0,2026-05-05 15:11,2026-05-18 00:00,,621.0,2026-06-02 17:30:16
P00176,DISTRIBUIDORA DESCALZI S.A.,PAOLA CALVACHE,Orden de compra,Recibida completa,[MP00244] ESENCIA DE FRESA,11.799,kg,20.6,243.06,2026-05-05 13:01,2026-05-11 13:01,,279.52,2026-06-02 17:30:16
P00175,LIRA LABORATORIOS REPRESENTACIONES Y AGENCIAS S.A.,PAOLA CALVACHE,Orden de compra,Recibida completa,[INS004] ALCOHOL ANTISEPTICO 72%,36.0,Units,4.25,153.0,2026-05-05 12:32,2026-05-11 12:32,,189.64,2026-06-02 17:30:16
P00175,LIRA LABORATORIOS REPRESENTACIONES Y AGENCIAS S.A.,PAOLA CALVACHE,Orden de compra,Recibida completa,[INS005] ALCOHOL POTABLE 90%,8.0,Units,4.58,36.64,2026-05-05 12:32,2026-05-11 12:32,,189.64,2026-06-02 17:30:16
P00174,TOP TRADING TOPTRA CIA. LTDA.,PAOLA CALVACHE,Orden de compra,Recibida completa,[MP00070] BENZOATO DE SODIO,50.0,kg,2.5,125.0,2026-05-05 11:31,2026-05-06 00:00,,543.38,2026-06-02 17:30:16
P00174,TOP TRADING TOPTRA CIA. LTDA.,PAOLA CALVACHE,Orden de compra,Recibida completa,[MP00126] SORBATO DE POTASIO,50.0,kg,6.95,347.5,2026-05-05 11:31,2026-05-06 11:31,,543.38,2026-06-02 17:30:16
P00172,EVIAS PAEZ LEONELA ANDREINA,PAOLA CALVACHE,Orden de compra,Recibida completa,[MP00034] ARANDANO,520.0,kg,7.6,3952.0,2026-05-04 17:16,2026-05-04 10:16,,3952.0,2026-06-02 17:30:16
P00171,GUANABANA-BIG CIA.LTDA.,PAOLA CALVACHE,Orden de compra,Recibida completa,[MP00028] MOTA GUANABANA,5079.0,kg,1.4,7110.6,2026-05-04 17:15,2026-05-04 11:15,,7110.6,2026-06-02 17:30:16
P00170,NOGUERA GILER YOFFRE GEOVANNY,PAOLA CALVACHE,Orden de compra,Recibida completa,[MP00014] MARACUYA,7524.0,kg,0.68,5116.32,2026-05-04 17:14,2026-05-04 08:14,,5116.32,2026-06-02 17:30:16
P00169,LLUGLLUNA CAIZA JOSE MIGUEL,PAOLA CALVACHE,Orden de compra,Recibida completa,[MP00007] FRUTILLA,3016.0,kg,0.9,2714.4,2026-05-04 17:13,2026-05-04 07:13,,2714.4,2026-06-02 17:30:16
P00168,DIAZ LALANGUI PEDRO FRANCISCO,PAOLA CALVACHE,Orden de compra,Recibida completa,[MP00027] TAMARINDO,1400.0,kg,2.05,2870.0,2026-05-04 17:11,2026-05-04 06:11,,2870.0,2026-06-02 17:30:16
P00167,GUANABANA-BIG CIA.LTDA.,PAOLA CALVACHE,Orden de compra,Recibida completa,[MP00028] MOTA GUANABANA,4145.0,kg,1.4,5803.0,2026-04-30 12:11,2026-04-30 12:11,,5803.0,2026-06-02 17:30:16
P00166,"Procesadora Continental De Alimentos,S.A.",PAOLA CALVACHE,Orden de compra,Recibida completa,[MP00023] PIÑA PELADA,1308.0,kg,1.2,1569.6,2026-04-30 11:35,2026-05-07 09:35,,1569.6,2026-06-02 17:30:16
P00165,AGUILAR CHUGA CRISTOPHER ALEXANDER,PAOLA CALVACHE,Orden de compra,Recibida completa,[MP00003] GUAYABA,2975.0,kg,0.75,2231.25,2026-04-30 08:48,2026-04-30 08:48,,2231.25,2026-06-02 17:30:16
P00164,LAGUAQUIZA SANGUCHO SERGIO PAUL,PAOLA CALVACHE,Orden de compra,Recibida completa,[MP00154] FRUTILLA DESPITONADA PARA TOPPING,446.0,kg,1.04,463.84,2026-04-30 08:47,2026-04-30 08:47,,463.84,2026-06-02 17:30:16
P00163,MILANPLASTIC S A,PAOLA CALVACHE,Orden de compra,Recibida completa,[FUN302] FUNDA GOYA UE PULPA GUAYABA 250 g,39800.0,Units,0.0322,1281.44,2026-04-30 08:16,2026-04-28 08:16,,1473.66,2026-06-02 17:30:16
P00162,MILANPLASTIC S A,PAOLA CALVACHE,Orden de compra,Recibida completa,[FUN301] FUNDA GOYA UE PULPA GUANABANA 250 g,57000.0,Units,0.0278,1584.6,2026-04-30 08:15,2026-04-28 08:15,,1822.29,2026-06-02 17:30:16
P00161,MILANPLASTIC S A,PAOLA CALVACHE,Orden de compra,Recibida completa,[FUN303] FUNDA GOYA UE PULPA MORA 250 g,24300.0,Units,0.0278,675.54,2026-04-30 08:14,2026-04-28 08:14,,776.87,2026-06-02 17:30:16
P00160,MILANPLASTIC S A,PAOLA CALVACHE,Orden de compra,Recibida completa,[FUN103] FUNDA MERICA PULPA DE MARACUYA 250 g,43700.0,Units,0.0323,1411.51,2026-04-30 08:11,2026-04-28 08:11,,1623.24,2026-06-02 17:30:16
P00159,DIAZ LALANGUI PEDRO FRANCISCO,PAOLA CALVACHE,Orden de compra,Recibida completa,[MP00028] MOTA GUANABANA,1000.0,kg,1.48,1480.0,2026-04-30 08:08,2026-04-29 14:08,,1480.0,2026-06-02 17:30:16
P00158,MOVERPRINT CIA. LTDA.,PAOLA CALVACHE,Orden de compra,Recibida completa,"[ETI009] ETIQUETA ADHESIVA VERDE 10X29,55 CM",2500.0,Units,0.06,149.93,2026-04-29 15:00,2026-04-23 15:00,,172.42,2026-06-02 17:30:16
P00157,MILANPLASTIC S A,PAOLA CALVACHE,Orden de compra,Recibida completa,[FUN103] FUNDA MERICA PULPA DE MARACUYA 250 g,74900.0,Units,0.0323,2419.27,2026-04-29 12:55,2026-04-27 12:55,,2782.16,2026-06-02 17:30:16
P00156,MILANPLASTIC S A,PAOLA CALVACHE,Orden de compra,Recibida completa,[FUN303] FUNDA GOYA UE PULPA MORA 250 g,55000.0,Units,0.0278,1529.0,2026-04-29 12:54,2026-04-27 12:54,,1758.35,2026-06-02 17:30:16
P00155,MILANPLASTIC S A,PAOLA CALVACHE,Orden de compra,Recibida completa,[FUN103] FUNDA MERICA PULPA DE MARACUYA 250 g,24000.0,Units,0.0323,775.2,2026-04-29 12:51,2026-04-27 12:51,,891.48,2026-06-02 17:30:16
P00154,MILANPLASTIC S A,PAOLA CALVACHE,Orden de compra,Recibida completa,[FUN105] FUNDA MERICA PULPA DE NARANJILLA 250 g,59700.0,Units,0.0323,1928.31,2026-04-29 12:50,2026-04-27 12:50,,2217.56,2026-06-02 17:30:16
P00153,MILANPLASTIC S A,PAOLA CALVACHE,Orden de compra,Recibida completa,[FUN106] FUNDA MERICA PULPA GUANABANA 250 g,73500.0,Units,0.0323,2374.05,2026-04-29 12:48,2026-04-27 12:48,,2730.16,2026-06-02 17:30:16
P00152,COMPANIA DE TRANSPORTE TYDCOSERVICES S.A.,PAOLA CALVACHE,Orden de compra,Recibida completa,[INS032] Diesel,1000.0,Units,4.1562,4156.23,2026-04-29 12:44,2026-04-27 12:44,,4779.66,2026-06-02 17:30:16
P00151,CAISALITIN NAULA DARWIN PATRICIO,PAOLA CALVACHE,Orden de compra,Recibida completa,[MP00154] FRUTILLA DESPITONADA PARA TOPPING,517.0,kg,1.0,517.0,2026-04-29 12:33,2026-04-29 06:33,,517.0,2026-06-02 17:30:16
P00150,GRUPO DYMAP SCC.,PAOLA CALVACHE,Orden de compra,Recibida completa,[PAL0003] PALLET EUROPEO DE MADERA 80X120 CM,40.0,Units,14.75,590.0,2026-04-29 12:02,2026-05-21 00:00,,1251.2,2026-06-02 17:30:16
P00150,GRUPO DYMAP SCC.,PAOLA CALVACHE,Orden de compra,Recibida completa,[PAL0002] PALLET ESTANDAR DE MADERA 100X120 CM,40.0,Units,12.45,498.0,2026-04-29 12:02,2026-05-21 00:00,,1251.2,2026-06-02 17:30:16
P00149,MOVERPRINT CIA. LTDA.,PAOLA CALVACHE,Orden de compra,Recibida completa,[ETI001] ETIQUETA ADHESIVA BLANCA 9X12 CM,20000.0,Units,0.021,420.0,2026-04-29 12:00,2026-05-18 00:00,,483.0,2026-06-02 17:30:16
P00148,Compania Nacional de Plasticos Conaplas S.A.,PAOLA CALVACHE,Orden de compra,Recibida completa,[CIN003] CINTA DE EMBALAJE TRANSP 48X1000 YD,18.0,Units,6.5,117.0,2026-04-29 11:57,2026-05-15 11:57,,134.55,2026-06-02 17:30:16
P00147,Corrugadora Nacional Cransa S.A.,PAOLA CALVACHE,Orden de compra,Recibida completa,[EMB100] PERFIL DE EMBALAJE,500.0,Units,0.655,327.5,2026-04-29 11:50,2026-05-15 00:00,,376.63,2026-06-02 17:30:16
P00146,COMERCIO EXTERIOR CECOMEX S.A.,PAOLA CALVACHE,Orden de compra,Recibida completa,[INS003] AIRBAG FUNDA PLASTICA 90X180 CM,75.0,Units,8.9,667.5,2026-04-29 11:48,2026-05-07 00:00,,767.63,2026-06-02 17:30:16
P00145,GRUPO DYMAP SCC.,PAOLA CALVACHE,Orden de compra,Recibida completa,[PAL0003] PALLET EUROPEO DE MADERA 80X120 CM,40.0,Units,14.75,590.0,2026-04-29 11:44,2026-05-11 00:00,,1251.2,2026-06-02 17:30:16
P00145,GRUPO DYMAP SCC.,PAOLA CALVACHE,Orden de compra,Recibida completa,[PAL0002] PALLET ESTANDAR DE MADERA 100X120 CM,40.0,Units,12.45,498.0,2026-04-29 11:44,2026-05-11 00:00,,1251.2,2026-06-02 17:30:16
P00144,LABMAREMI ECUADOR CIA.LTDA.,PAOLA CALVACHE,Orden de compra,Recibida completa,[INS024] PAPEL HIGIENICO INDUSTRIAL,20.0,Units,1.8,36.0,2026-04-29 11:38,2026-05-04 00:00,,142.6,2026-06-02 17:30:16
P00144,LABMAREMI ECUADOR CIA.LTDA.,PAOLA CALVACHE,Orden de compra,Recibida completa,[EPP027] GUANTE RECUBIERTO DE NITRILO TALLA L,10.0,Units,4.4,44.0,2026-04-29 11:38,2026-05-04 00:00,,142.6,2026-06-02 17:30:16
P00144,LABMAREMI ECUADOR CIA.LTDA.,PAOLA CALVACHE,Orden de compra,Recibida completa,[EPP028] GUANTE RECUBIERTO DE NITRILO TALLA M,10.0,Units,4.4,44.0,2026-04-29 11:38,2026-05-04 00:00,,142.6,2026-06-02 17:30:16
P00143,MOVERPRINT CIA. LTDA.,PAOLA CALVACHE,Orden de compra,Recibida completa,[ETI001] ETIQUETA ADHESIVA BLANCA 9X12 CM,20000.0,Units,0.021,420.0,2026-04-29 11:35,2026-05-08 00:00,,615.02,2026-06-02 17:30:16
P00143,MOVERPRINT CIA. LTDA.,PAOLA CALVACHE,Orden de compra,Recibida completa,"[ETI005] ETIQUETA ADHESIVA BLANCA ENTERA 10,1X6,4 CM 500 G",10000.0,Units,0.0115,114.8,2026-04-29 11:35,2026-05-08 00:00,,615.02,2026-06-02 17:30:16
P00142,MINFARMS S.A.S.,PAOLA CALVACHE,Orden de compra,Recibida completa,[MP00028] MOTA GUANABANA,1102.0,kg,1.38,1520.76,2026-04-29 08:49,2026-04-28 08:49,,1520.76,2026-06-02 17:30:16
P00141,CHAVEZ TORRES MARLENE LASTENIA,PAOLA CALVACHE,Orden de compra,Recibida completa,[MP00019] NARANJILLA,3083.0,kg,0.85,2620.55,2026-04-29 08:46,2026-04-28 08:46,,2620.55,2026-06-02 17:30:16
P00140,JIMENEZ POZO OSCAR DAVID,PAOLA CALVACHE,Orden de compra,Recibida completa,[MP00036] MORA TIPO B,945.0,kg,1.25,1181.25,2026-04-29 08:44,2026-04-28 08:44,,1181.25,2026-06-02 17:30:16
P00139,AYALA ANTE JOSE MANUEL,PAOLA CALVACHE,Orden de compra,Recibida completa,[MP00036] MORA TIPO B,491.0,kg,1.2,589.2,2026-04-28 09:29,2026-04-28 07:29,,589.2,2026-06-02 17:30:16
P00138,DIAZ LALANGUI PEDRO FRANCISCO,PAOLA CALVACHE,Orden de compra,Recibida completa,[MP00005] COCO,1039.0,kg,3.9,4052.1,2026-04-28 09:27,2026-04-28 06:27,,4052.1,2026-06-02 17:30:16
P00137,MILANPLASTIC S A,PAOLA CALVACHE,Orden de compra,Recibida completa,[FUN109] FUNDA MERICA PULPA TAMARINDO 250 g,51200.0,Units,0.0323,1653.76,2026-04-28 09:20,2026-04-24 09:20,,1901.82,2026-06-02 17:30:16
P00136,MILANPLASTIC S A,PAOLA CALVACHE,Orden de compra,Recibida completa,[FUN105] FUNDA MERICA PULPA DE NARANJILLA 250 g,72000.0,Units,0.0323,2325.6,2026-04-28 09:17,2026-04-24 09:17,,2674.44,2026-06-02 17:30:16
P00135,CHIGUANO AYALA EDGAR DAVID,PAOLA CALVACHE,Orden de compra,Recibida completa,[MP00036] MORA TIPO B,209.0,kg,1.25,261.25,2026-04-28 09:04,2026-04-28 09:04,,261.25,2026-06-02 17:30:16
P00134,GARCES ERAZO ESTEBAN ISRAEL,PAOLA CALVACHE,Orden de compra,Recibida completa,[MP00012] TOMATE DE ARBOL,3287.0,kg,1.25,4108.75,2026-04-27 16:40,2026-04-27 08:05,,4108.75,2026-06-02 17:30:16
P00133,DIAZ LALANGUI PEDRO FRANCISCO,PAOLA CALVACHE,Orden de compra,Recibida completa,[MP00027] TAMARINDO,279.0,kg,2.05,571.95,2026-04-27 16:34,2026-04-27 07:34,,571.95,2026-06-02 17:30:16
P00132,EMPAQUES AGROINDUSTRIALES Y QUIMICOS EMPAQUIM CIA LTDA,PAOLA CALVACHE,Orden de compra,Recibida completa,[CIN004] CINTA STRECH 50 CM,40.0,Units,6.6,264.0,2026-04-27 16:10,2026-04-24 16:10,,303.6,2026-06-02 17:30:16
P00131,MILANPLASTIC S A,PAOLA CALVACHE,Orden de compra,Recibida completa,[FUN109] FUNDA MERICA PULPA TAMARINDO 250 g,20000.0,Units,0.0323,646.0,2026-04-27 15:59,2026-04-23 15:59,,742.9,2026-06-02 17:30:16
P00130,MILANPLASTIC S A,PAOLA CALVACHE,Orden de compra,Recibida completa,[FUN106] FUNDA MERICA PULPA GUANABANA 250 g,68000.0,Units,0.0323,2196.4,2026-04-27 12:29,2026-04-23 12:29,,2525.86,2026-06-02 17:30:16
P00129,MILANPLASTIC S A,PAOLA CALVACHE,Orden de compra,Recibida completa,[FUN105] FUNDA MERICA PULPA DE NARANJILLA 250 g,8000.0,Units,0.0323,258.4,2026-04-27 12:28,2026-04-23 12:28,,297.16,2026-06-02 17:30:16
P00128,Corrugadora Nacional Cransa S.A.,PAOLA CALVACHE,Orden de compra,Recibida completa,[INS019] LAMINA SEPARADORA,3229.0,Units,0.151,487.58,2026-04-27 11:48,2026-04-24 11:48,,560.72,2026-06-02 17:30:16
P00127,GUANABANA-BIG CIA.LTDA.,PAOLA CALVACHE,Orden de compra,Recibida completa,[MP00028] MOTA GUANABANA,4282.0,kg,1.5,6423.0,2026-04-27 10:12,2026-04-25 10:12,,6423.0,2026-06-02 17:30:16
P00126,SILVA ARMIJOS JESSICA DANIELA,PAOLA CALVACHE,Orden de compra,Recibida completa,[MP00016] MORA DE CASTILLA,309.0,kg,1.42,438.78,2026-04-27 08:27,2026-04-27 08:27,,438.78,2026-06-02 17:30:16
P00125,LISINTUÑA TIPAN CARMEN MARIA,PAOLA CALVACHE,Orden de compra,Recibida completa,[MP00016] MORA DE CASTILLA,280.0,kg,1.42,397.6,2026-04-27 08:24,2026-04-28 08:24,,397.6,2026-06-02 17:30:16
P00124,"Procesadora Continental De Alimentos,S.A.",PAOLA CALVACHE,Orden de compra,Recibida completa,[MP00023] PIÑA PELADA,100.0,kg,1.372,137.2,2026-04-24 12:54,2026-04-16 12:54,,137.2,2026-06-02 17:30:16
P00123,MILANPLASTIC S A,PAOLA CALVACHE,Orden de compra,Pendiente recepción,[FUN108] FUNDA MERICA PULPA MARACUYA CON PEPAS 500 g,40000.0,Units,0.0658,2632.0,2026-04-23 16:51,2026-07-27 00:00,No,5613.15,2026-06-02 17:30:16
P00123,MILANPLASTIC S A,PAOLA CALVACHE,Orden de compra,Pendiente recepción,[FUN107] FUNDA MERICA PULPA GUAYABA 250 g,65000.0,Units,0.0346,2249.0,2026-04-23 16:51,2026-07-27 00:00,No,5613.15,2026-06-02 17:30:16
P00122,MILANPLASTIC S A,PAOLA CALVACHE,Orden de compra,Pendiente recepción,[FUN202] FUNDA GOYA USA PULPA DE GUAYABA,35000.0,Units,0.0496,1736.0,2026-04-23 16:48,2026-07-06 00:00,No,3065.9,2026-06-02 17:30:16
P00122,MILANPLASTIC S A,PAOLA CALVACHE,Orden de compra,Pendiente recepción,[ROL202] ROLLO FUNDA GOYA USA PULPA DE GUAYABA 12X14 OZ,150.0,kg,6.2,930.0,2026-04-23 16:48,2026-07-06 00:00,No,3065.9,2026-06-02 17:30:16
P00121,MILANPLASTIC S A,PAOLA CALVACHE,Orden de compra,Pendiente recepción,[FUN207] FUNDA GOYA USA PULPA DE PAPAYA,35000.0,Units,0.0496,1736.0,2026-04-23 16:41,2026-06-26 00:00,No,5023.2,2026-06-02 17:30:16
P00121,MILANPLASTIC S A,PAOLA CALVACHE,Orden de compra,Pendiente recepción,[FUN110] FUNDA MERICA MORA ENTERA 500 g,40000.0,Units,0.0658,2632.0,2026-04-23 16:41,2026-06-29 00:00,No,5023.2,2026-06-02 17:30:16
P00120,MILANPLASTIC S A,PAOLA CALVACHE,Orden de compra,Pendiente recepción,[FUN105] FUNDA MERICA PULPA DE NARANJILLA 250 g,65000.0,Units,0.0658,4277.0,2026-04-23 16:38,2026-06-22 00:00,No,9854.21,2026-06-02 17:30:16
P00120,MILANPLASTIC S A,PAOLA CALVACHE,Orden de compra,Pendiente recepción,[ROL201] ROLLO FUNDA GOYA USA PULPA DE  GUANABANA 12X14 OZ,300.0,kg,0.0496,14.88,2026-04-23 16:38,2026-06-22 00:00,No,9854.21,2026-06-02 17:30:16
P00120,MILANPLASTIC S A,PAOLA CALVACHE,Orden de compra,Pendiente recepción,[FUN103] FUNDA MERICA PULPA DE MARACUYA 250 g,65000.0,Units,0.0658,4277.0,2026-04-23 16:38,2026-06-24 00:00,No,9854.21,2026-06-02 17:30:16
P00119,Corrugadora Nacional Cransa S.A.,PAOLA CALVACHE,Orden de compra,Pendiente recepción,[CAJ301] CAJA GOYA UE PULPA GUANABANA,2000.0,Units,0.291,582.0,2026-04-23 16:33,2026-06-22 00:00,No,2242.17,2026-06-02 17:30:16
P00119,Corrugadora Nacional Cransa S.A.,PAOLA CALVACHE,Orden de compra,Pendiente recepción,[CAJ302] CAJA GOYA UE PULPA GUAYABA,900.0,Units,0.291,261.9,2026-04-23 16:33,2026-06-22 00:00,No,2242.17,2026-06-02 17:30:16
P00119,Corrugadora Nacional Cransa S.A.,PAOLA CALVACHE,Orden de compra,Pendiente recepción,[CAJ306] CAJA GOYA UE PULPA PIÑA ,500.0,Units,0.291,145.5,2026-04-23 16:33,2026-06-22 00:00,No,2242.17,2026-06-02 17:30:16
P00119,Corrugadora Nacional Cransa S.A.,PAOLA CALVACHE,Orden de compra,Pendiente recepción,[CAJ307] CAJA GOYA UE PULPA TOMATE ARBOL,500.0,Units,0.291,145.5,2026-04-23 16:33,2026-06-22 00:00,No,2242.17,2026-06-02 17:30:16
P00119,Corrugadora Nacional Cransa S.A.,PAOLA CALVACHE,Orden de compra,Pendiente recepción,[CAJ303] CAJA GOYA UE PULPA MORA,2800.0,Units,0.291,814.8,2026-04-23 16:33,2026-06-22 00:00,No,2242.17,2026-06-02 17:30:16
P00118,MILANPLASTIC S A,PAOLA CALVACHE,Orden de compra,Pendiente recepción,[FUN100] FUNDA MERICA PULPA TOMATE DE ARBOL 250 g,65000.0,Units,0.0346,2249.0,2026-04-23 16:31,2026-06-15 00:00,No,2586.35,2026-06-02 17:30:16
P00117,MILANPLASTIC S A,PAOLA CALVACHE,Orden de compra,Pendiente recepción,[FUN306] FUNDA GOYA UE PULPA PIÑA 250 g,30000.0,Units,0.0316,948.0,2026-04-23 16:25,2026-06-08 00:00,No,4766.75,2026-06-02 17:30:16
P00117,MILANPLASTIC S A,PAOLA CALVACHE,Orden de compra,Pendiente recepción,[FUN301] FUNDA GOYA UE PULPA GUANABANA 250 g,30000.0,Units,0.0316,948.0,2026-04-23 16:25,2026-06-08 00:00,No,4766.75,2026-06-02 17:30:16
P00117,MILANPLASTIC S A,PAOLA CALVACHE,Orden de compra,Pendiente recepción,[FUN106] FUNDA MERICA PULPA GUANABANA 250 g,65000.0,Units,0.0346,2249.0,2026-04-23 16:25,2026-06-08 00:00,No,4766.75,2026-06-02 17:30:16
P00116,Corrugadora Nacional Cransa S.A.,PAOLA CALVACHE,Orden de compra,Pendiente recepción,[CAJ210] CAJA GOYA USA TOMATE DE ARBOL ENTERO,500.0,Units,0.301,150.5,2026-04-23 16:21,2026-06-08 00:00,No,173.08,2026-06-02 17:30:16
P00115,Corrugadora Nacional Cransa S.A.,PAOLA CALVACHE,Orden de compra,Recibida completa,"[CAJ100] CAJA MERICA 2,5 KG",8576.0,Units,0.262,2246.91,2026-04-23 16:19,2026-05-27 16:19,,2583.95,2026-06-02 17:30:16
P00114,MILANPLASTIC S A,PAOLA CALVACHE,Orden de compra,Pendiente recepción,[ROL206] ROLLO FUNDA GOYA USA PULPA DE MORA 12X14 OZ,300.0,kg,6.2,1860.0,2026-04-23 16:11,2026-05-25 00:00,Sí,2139.0,2026-06-02 17:30:16
P00113,Corrugadora Nacional Cransa S.A.,PAOLA CALVACHE,Orden de compra,Recibida completa,"[CAJ100] CAJA MERICA 2,5 KG",8800.0,Units,0.262,2305.6,2026-04-23 16:06,2026-04-24 16:06,,2651.44,2026-06-02 17:30:16
P00112,Corrugadora Nacional Cransa S.A.,PAOLA CALVACHE,Orden de compra,Recibida completa,"[CAJ100] CAJA MERICA 2,5 KG",8800.0,Units,0.262,2305.6,2026-04-23 16:02,2026-04-13 16:02,,2651.44,2026-06-02 17:30:16
P00111,Corrugadora Nacional Cransa S.A.,PAOLA CALVACHE,Orden de compra,Recibida completa,[CAJ201] CAJA GOYA USA PULPA DE GUANABANA,3260.0,Units,0.301,981.26,2026-04-23 16:00,2026-05-10 16:00,,1502.29,2026-06-02 17:30:16
P00111,Corrugadora Nacional Cransa S.A.,PAOLA CALVACHE,Orden de compra,Recibida completa,[CAJ207] CAJA GOYA USA PULPA DE PAPAYA,1080.0,Units,0.301,325.08,2026-04-23 16:00,2026-05-10 16:00,,1502.29,2026-06-02 17:30:16
P00110,Corrugadora Nacional Cransa S.A.,PAOLA CALVACHE,Orden de compra,Recibida completa,[CAJ202] CAJA GOYA USA PULPA DE GUAYABA,3300.0,Units,0.301,993.3,2026-04-23 15:42,2026-04-24 15:42,,1142.3,2026-06-02 17:30:16
P00109,MILANPLASTIC S A,PAOLA CALVACHE,Orden de compra,Pendiente recepción,[FUN102] FUNDA MERICA PULPA DE MANGO 250 g,35000.0,Units,0.0346,1211.0,2026-04-23 15:19,2026-06-22 00:00,No,2462.15,2026-06-02 17:30:16
P00109,MILANPLASTIC S A,PAOLA CALVACHE,Orden de compra,Pendiente recepción,[ROL013] ROLLO PULPA DE MANGO MERICA 250 g,150.0,kg,6.2,930.0,2026-04-23 15:19,2026-06-22 00:00,No,2462.15,2026-06-02 17:30:16
P00108,"CALZADO ANDINO, ANDICALZADO S.A.",PAOLA CALVACHE,Orden de compra,Recibida completa,[EPP038] BOTIN DE CUERO PUNTA DE COMPOSITE TALLA 44,1.0,Units,42.0,42.0,2026-04-23 14:39,2026-04-22 00:00,,730.25,2026-06-02 17:30:16
P00108,"CALZADO ANDINO, ANDICALZADO S.A.",PAOLA CALVACHE,Orden de compra,Recibida completa,[EPP039] BOTIN DE CUERO PUNTA DE COMPOSITE CUARTO FRIO,1.0,Units,47.0,47.0,2026-04-23 14:39,2026-04-22 00:00,,730.25,2026-06-02 17:30:16
P00108,"CALZADO ANDINO, ANDICALZADO S.A.",PAOLA CALVACHE,Orden de compra,Recibida completa,[EPP019] BOTIN DE CUERO PUNTA DE COMPOSITE TALLA 43,1.0,Units,42.0,42.0,2026-04-23 14:39,2026-04-22 00:00,,730.25,2026-06-02 17:30:16
P00108,"CALZADO ANDINO, ANDICALZADO S.A.",PAOLA CALVACHE,Orden de compra,Recibida completa,[EPP018] BOTIN DE CUERO PUNTA DE COMPOSITE TALLA 42,1.0,Units,42.0,42.0,2026-04-23 14:39,2026-04-22 00:00,,730.25,2026-06-02 17:30:16
P00108,"CALZADO ANDINO, ANDICALZADO S.A.",PAOLA CALVACHE,Orden de compra,Recibida completa,[EPP017] BOTIN DE CUERO PUNTA DE COMPOSITE TALLA 41,2.0,Units,42.0,84.0,2026-04-23 14:39,2026-04-22 00:00,,730.25,2026-06-02 17:30:16
P00108,"CALZADO ANDINO, ANDICALZADO S.A.",PAOLA CALVACHE,Orden de compra,Recibida completa,[EPP016] BOTIN DE CUERO PUNTA DE COMPOSITE TALLA 40,1.0,Units,42.0,42.0,2026-04-23 14:39,2026-04-22 00:00,,730.25,2026-06-02 17:30:16
P00108,"CALZADO ANDINO, ANDICALZADO S.A.",PAOLA CALVACHE,Orden de compra,Recibida completa,[EPP015] BOTIN DE CUERO PUNTA DE COMPOSITE TALLA 39,1.0,Units,42.0,42.0,2026-04-23 14:39,2026-04-22 00:00,,730.25,2026-06-02 17:30:16
P00108,"CALZADO ANDINO, ANDICALZADO S.A.",PAOLA CALVACHE,Orden de compra,Recibida completa,[EPP014] BOTIN DE CUERO PUNTA DE COMPOSITE TALLA 38,2.0,Units,42.0,84.0,2026-04-23 14:39,2026-04-22 00:00,,730.25,2026-06-02 17:30:16
P00108,"CALZADO ANDINO, ANDICALZADO S.A.",PAOLA CALVACHE,Orden de compra,Recibida completa,[EPP013] BOTIN DE CUERO PUNTA DE COMPOSITE TALLA 37,3.0,Units,42.0,126.0,2026-04-23 14:39,2026-04-22 00:00,,730.25,2026-06-02 17:30:16
P00108,"CALZADO ANDINO, ANDICALZADO S.A.",PAOLA CALVACHE,Orden de compra,Recibida completa,[EPP012] BOTIN DE CUERO PUNTA DE COMPOSITE TALLA 36,1.0,Units,42.0,42.0,2026-04-23 14:39,2026-04-22 00:00,,730.25,2026-06-02 17:30:16
P00108,"CALZADO ANDINO, ANDICALZADO S.A.",PAOLA CALVACHE,Orden de compra,Recibida completa,[EPP011] BOTIN DE CUERO PUNTA DE COMPOSITE TALLA 35,1.0,Units,42.0,42.0,2026-04-23 14:39,2026-04-23 14:39,,730.25,2026-06-02 17:30:16
P00107,EVIAS PAEZ LEONELA ANDREINA,PAOLA CALVACHE,Orden de compra,Recibida completa,[MP00034] ARANDANO,203.0,kg,7.6,1542.8,2026-04-23 11:31,2026-04-22 11:31,,1542.8,2026-06-02 17:30:16
P00106,DIAZ LALANGUI PEDRO FRANCISCO,PAOLA CALVACHE,Orden de compra,Recibida completa,[MP00028] MOTA GUANABANA,1014.0,kg,1.48,1500.72,2026-04-22 16:36,2026-04-22 14:36,,1500.72,2026-06-02 17:30:16
P00105,LABMAREMI ECUADOR CIA.LTDA.,PAOLA CALVACHE,Orden de compra,Recibida completa,[INS009] FUNDA DE BASURA GRANDE 35X47 CM,50.0,Units,1.75,87.5,2026-04-22 16:29,2026-04-24 10:29,,100.63,2026-06-02 17:30:16
P00104,CHIGUANO AYALA EDGAR DAVID,PAOLA CALVACHE,Orden de compra,Recibida completa,[MP00036] MORA TIPO B,155.0,kg,1.25,193.75,2026-04-22 15:24,2026-04-21 15:24,,193.75,2026-06-02 17:30:16
P00103,CHIRIBOGA LOPEZ LUIS SANTIAGO,PAOLA CALVACHE,Orden de compra,Recibida completa,[MP00034] ARANDANO,333.0,kg,5.8,1931.4,2026-04-22 12:23,2026-04-22 12:23,,1931.4,2026-06-02 17:30:16
P00102,GUANABANA-BIG CIA.LTDA.,PAOLA CALVACHE,Orden de compra,Recibida completa,[MP00028] MOTA GUANABANA,4282.0,kg,1.5,6423.0,2026-04-22 12:22,2026-04-22 11:22,,6423.0,2026-06-02 17:30:16
P00101,DIAZ LALANGUI PEDRO FRANCISCO,PAOLA CALVACHE,Orden de compra,Recibida completa,[MP00027] TAMARINDO,1485.0,kg,2.05,3044.25,2026-04-22 09:27,2026-04-22 06:30,,3044.25,2026-06-02 17:30:16
P00100,DON GATO SUPERMERCADO MAYORISTA S.A.,PAOLA CALVACHE,Orden de compra,Recibida completa,[MP00051] AZUCAR,2500.0,kg,0.7444,1861.0,2026-04-22 09:06,2026-05-05 00:00,,1861.0,2026-06-02 17:30:16
P00099,DISTRIBUIDORA DESCALZI S.A.,PAOLA CALVACHE,Orden de compra,Recibida completa,[MP00237] COLORANTE COLOR RED FRAGARIA LIQUIDO,10.0,kg,149.0,1490.0,2026-04-22 09:02,2026-04-27 00:00,,1713.5,2026-06-02 17:30:16
P00098,NATIGOLD S.A.,PAOLA CALVACHE,Orden de compra,Recibida completa,[MP00230] POLVO DE CACAO ALCALINO,600.0,kg,7.5,4500.0,2026-04-22 08:56,2026-05-05 00:00,,5175.0,2026-06-02 17:30:16
P00097,MILANPLASTIC S A,PAOLA CALVACHE,Orden de compra,Pendiente recepción,[FUN109] FUNDA MERICA PULPA TAMARINDO 250 g,65000.0,Units,0.0346,2249.0,2026-04-22 08:48,2026-05-29 00:00,Sí,7759.05,2026-06-02 17:30:16
P00097,MILANPLASTIC S A,PAOLA CALVACHE,Orden de compra,Pendiente recepción,[FUN105] FUNDA MERICA PULPA DE NARANJILLA 250 g,65000.0,Units,0.0346,2249.0,2026-04-22 08:48,2026-05-29 00:00,Sí,7759.05,2026-06-02 17:30:16
P00097,MILANPLASTIC S A,PAOLA CALVACHE,Orden de compra,Pendiente recepción,[FUN106] FUNDA MERICA PULPA GUANABANA 250 g,65000.0,Units,0.0346,2249.0,2026-04-22 08:48,2026-05-29 00:00,Sí,7759.05,2026-06-02 17:30:16
P00096,MINFARMS S.A.S.,PAOLA CALVACHE,Orden de compra,Recibida completa,[MP00028] MOTA GUANABANA,2061.0,kg,1.38,2844.18,2026-04-21 16:08,2026-04-21 16:08,,2844.18,2026-06-02 17:30:16
P00095,JIMENEZ POZO OSCAR DAVID,PAOLA CALVACHE,Orden de compra,Recibida completa,[MP00036] MORA TIPO B,1000.0,kg,1.25,1250.0,2026-04-21 16:01,2026-04-21 09:01,,1250.0,2026-06-02 17:30:16
P00094,EVIAS PAEZ LEONELA ANDREINA,PAOLA CALVACHE,Orden de compra,Recibida completa,[MP00034] ARANDANO,199.0,kg,7.6,1512.4,2026-04-21 16:00,2026-04-21 07:00,,1512.4,2026-06-02 17:30:16
P00093,EVIAS PAEZ LEONELA ANDREINA,PAOLA CALVACHE,Orden de compra,Recibida completa,[MP00034] ARANDANO,145.0,kg,7.6,1102.0,2026-04-21 10:05,2026-04-17 10:05,,1102.0,2026-06-02 17:30:16
P00092,TACO ALMEIDA JUAN FRANCISCO,PAOLA CALVACHE,Orden de compra,Recibida completa,[AMA001] AMARRA PLASTICA PEQUEÑA ,6000.0,Units,0.0189,113.22,2026-04-21 10:00,2026-04-17 10:00,,130.2,2026-06-02 17:30:16
P00091,GARCES ERAZO ESTEBAN ISRAEL,PAOLA CALVACHE,Orden de compra,Recibida completa,[MP00012] TOMATE DE ARBOL,1736.0,kg,1.25,2170.0,2026-04-20 12:02,2026-04-20 12:02,,2170.0,2026-06-02 17:30:16
P00090,CAISALITIN NAULA DARWIN PATRICIO,PAOLA CALVACHE,Orden de compra,Recibida completa,[MP00007] FRUTILLA,559.0,kg,0.9,503.1,2026-04-20 11:52,2026-04-21 06:00,,503.1,2026-06-02 17:30:16
P00089,LABMAREMI ECUADOR CIA.LTDA.,PAOLA CALVACHE,Orden de compra,Recibida completa,[INS009] FUNDA DE BASURA GRANDE 35X47 CM,50.0,Units,1.75,87.5,2026-04-20 10:56,2026-04-16 10:56,,224.83,2026-06-02 17:30:16
P00089,LABMAREMI ECUADOR CIA.LTDA.,PAOLA CALVACHE,Orden de compra,Recibida completa,[EPP028] GUANTE RECUBIERTO DE NITRILO TALLA M,10.0,Units,4.4,44.0,2026-04-20 10:56,2026-04-16 10:56,,224.83,2026-06-02 17:30:16
P00089,LABMAREMI ECUADOR CIA.LTDA.,PAOLA CALVACHE,Orden de compra,Recibida completa,[EPP027] GUANTE RECUBIERTO DE NITRILO TALLA L,10.0,Units,4.4,44.0,2026-04-20 10:56,2026-04-16 10:56,,224.83,2026-06-02 17:30:16
P00089,LABMAREMI ECUADOR CIA.LTDA.,PAOLA CALVACHE,Orden de compra,Recibida completa,[EPP034] BATA DESCARTABLE,20.0,Units,1.0,20.0,2026-04-20 10:56,2026-04-16 10:56,,224.83,2026-06-02 17:30:16
P00088,QUIMERCO S.A.S,PAOLA CALVACHE,Orden de compra,Recibida completa,[MP00206] ALMIDON KOL GUARDO NG,136.08,kg,3.2,435.46,2026-04-19 21:36,2026-04-23 00:00,,1870.09,2026-06-02 17:30:16
P00088,QUIMERCO S.A.S,PAOLA CALVACHE,Orden de compra,Recibida completa,[MP00120] FRUCTOSA,340.2,kg,3.5,1190.7,2026-04-19 21:36,2026-04-23 00:00,,1870.09,2026-06-02 17:30:16
P00087,GUANABANA-BIG CIA.LTDA.,PAOLA CALVACHE,Orden de compra,Recibida completa,[MP00028] MOTA GUANABANA,4297.0,kg,1.5,6445.5,2026-04-17 15:28,2026-04-17 15:28,,6445.5,2026-06-02 17:30:16
P00086,GELARDO RUIZ CLARA,PAOLA CALVACHE,Orden de compra,Recibida completa,[MP00022] PIÑA,1561.0,kg,0.55,858.55,2026-04-17 15:06,2026-04-17 11:06,,858.55,2026-06-02 17:30:16
P00085,LUCIO GARCIA FELIX ANCELMO,PAOLA CALVACHE,Orden de compra,Recibida completa,[MP00020] PAPAYA,2045.0,kg,1.15,2351.75,2026-04-17 13:04,2026-04-17 07:30,,2351.75,2026-06-02 17:30:16
P00084,SILVA ARMIJOS JESSICA DANIELA,PAOLA CALVACHE,Orden de compra,Recibida completa,[MP00016] MORA DE CASTILLA,390.0,kg,1.42,553.8,2026-04-17 12:56,2026-04-17 08:56,,553.8,2026-06-02 17:30:16
P00083,AGUILAR CHUGA CRISTOPHER ALEXANDER,PAOLA CALVACHE,Orden de compra,Recibida completa,[MP00003] GUAYABA,3766.0,kg,0.75,2824.5,2026-04-17 12:50,2026-04-22 12:50,,2824.5,2026-06-02 17:30:16
P00082,LUCIO GARCIA FELIX ANCELMO,PAOLA CALVACHE,Orden de compra,Recibida completa,[MP00020] PAPAYA,2792.0,kg,1.15,3210.8,2026-04-17 12:49,2026-04-22 06:49,,3210.8,2026-06-02 17:30:16
P00081,NOGUERA GILER YOFFRE GEOVANNY,PAOLA CALVACHE,Orden de compra,Recibida completa,[MP00014] MARACUYA,12583.0,kg,0.65,8178.95,2026-04-17 12:47,2026-04-18 12:47,,8178.95,2026-06-02 17:30:16
P00080,LISINTUÑA TIPAN CARMEN MARIA,PAOLA CALVACHE,Orden de compra,Recibida completa,[MP00016] MORA DE CASTILLA,270.0,kg,1.42,383.4,2026-04-17 10:22,2026-04-18 10:22,,383.4,2026-06-02 17:30:16
P00079,CAISALITIN NAULA DARWIN PATRICIO,PAOLA CALVACHE,Orden de compra,Recibida completa,[MP00154] FRUTILLA DESPITONADA PARA TOPPING,359.0,kg,1.0,359.0,2026-04-17 09:28,2026-04-17 06:30,,359.0,2026-06-02 17:30:16
P00078,LAGUAQUIZA SANGUCHO SERGIO PAUL,PAOLA CALVACHE,Orden de compra,Recibida completa,[MP00154] FRUTILLA DESPITONADA PARA TOPPING,415.0,kg,1.04,431.6,2026-04-17 09:27,2026-04-17 07:27,,431.6,2026-06-02 17:30:16
P00077,GUANABANA-BIG CIA.LTDA.,PAOLA CALVACHE,Orden de compra,Recibida completa,[MP00028] MOTA GUANABANA,3882.0,kg,1.5,5823.0,2026-04-17 09:04,2026-04-16 09:04,,5823.0,2026-06-02 17:30:16
P00076,LLUGLLUNA CAIZA JOSE MIGUEL,PAOLA CALVACHE,Orden de compra,Recibida completa,[MP00154] FRUTILLA DESPITONADA PARA TOPPING,653.0,kg,1.04,679.12,2026-04-17 08:58,2026-04-16 08:58,,679.12,2026-06-02 17:30:16
P00075,AGUILAR CHUGA CRISTOPHER ALEXANDER,PAOLA CALVACHE,Orden de compra,Recibida completa,[MP00003] GUAYABA,3591.0,kg,0.75,2693.25,2026-04-16 16:05,2026-04-16 16:05,,2693.25,2026-06-02 17:30:16
P00074,ENRIQUEZ PEREZ LAURA ELINA,PAOLA CALVACHE,Orden de compra,Recibida completa,[MP00154] FRUTILLA DESPITONADA PARA TOPPING,778.0,kg,1.03,801.34,2026-04-16 16:02,2026-04-16 07:02,,801.34,2026-06-02 17:30:16
P00073,CHAVEZ TORRES MARLENE LASTENIA,PAOLA CALVACHE,Orden de compra,Recibida completa,[MP00019] NARANJILLA,4815.0,kg,0.85,4092.75,2026-04-16 14:15,2026-04-21 11:15,,4092.75,2026-06-02 17:30:16
P00069,DIAZ LALANGUI PEDRO FRANCISCO,PAOLA CALVACHE,Orden de compra,Recibida completa,[MP00028] MOTA GUANABANA,1633.0,kg,1.48,2416.84,2026-04-15 22:52,2026-04-15 17:52,,2416.84,2026-06-02 17:30:16
P00068,MILANPLASTIC S A,PAOLA CALVACHE,Orden de compra,Pendiente recepción,[FUN202] FUNDA GOYA USA PULPA DE GUAYABA,65000.0,Units,0.0496,3224.0,2026-04-15 22:46,2026-06-01 00:00,Sí,3707.6,2026-06-02 17:30:16
P00067,MILANPLASTIC S A,PAOLA CALVACHE,Orden de compra,Pendiente recepción,[FUN206] FUNDA GOYA USA PULPA DE MORA,65000.0,Units,0.0496,3224.0,2026-04-15 22:43,2026-05-25 00:00,Sí,7415.2,2026-06-02 17:30:16
P00067,MILANPLASTIC S A,PAOLA CALVACHE,Orden de compra,Pendiente recepción,[FUN201] FUNDA GOYA USA PULPA DE GUANABANA,65000.0,Units,0.0496,3224.0,2026-04-15 22:43,2026-05-26 00:00,Sí,7415.2,2026-06-02 17:30:16
P00066,Corrugadora Nacional Cransa S.A.,PAOLA CALVACHE,Orden de compra,Pendiente recepción,[CAJ208] CAJA GOYA USA PULPA DE PIÑA,540.0,Units,0.301,162.54,2026-04-15 22:38,2026-06-08 22:38,No,186.92,2026-06-02 17:30:16
P00065,Corrugadora Nacional Cransa S.A.,PAOLA CALVACHE,Orden de compra,Recibida completa,[CAJ206] CAJA GOYA USA PULPA DE MORA,2200.0,Units,0.301,662.2,2026-04-15 22:37,2026-04-16 22:37,,1523.06,2026-06-02 17:30:16
P00065,Corrugadora Nacional Cransa S.A.,PAOLA CALVACHE,Orden de compra,Recibida completa,[CAJ202] CAJA GOYA USA PULPA DE GUAYABA,2200.0,Units,0.301,662.2,2026-04-15 22:37,2026-04-16 22:37,,1523.06,2026-06-02 17:30:16
P00064,Corrugadora Nacional Cransa S.A.,PAOLA CALVACHE,Orden de compra,Recibida completa,[CAJ201] CAJA GOYA USA PULPA DE GUANABANA,2200.0,Units,0.301,662.2,2026-04-15 22:35,2026-05-06 22:35,,761.53,2026-06-02 17:30:16
P00063,Corrugadora Nacional Cransa S.A.,PAOLA CALVACHE,Orden de compra,Recibida completa,[CAJ202] CAJA GOYA USA PULPA DE GUAYABA,2120.0,Units,0.301,638.12,2026-04-15 22:32,2026-04-27 22:32,,733.84,2026-06-02 17:30:16
P00062,Corrugadora Nacional Cransa S.A.,PAOLA CALVACHE,Orden de compra,Recibida completa,[CAJ303] CAJA GOYA UE PULPA MORA,2620.0,Units,0.291,762.42,2026-04-15 22:26,2026-05-27 22:26,,876.78,2026-06-02 17:30:16
P00061,Corrugadora Nacional Cransa S.A.,PAOLA CALVACHE,Orden de compra,Recibida completa,[CAJ302] CAJA GOYA UE PULPA GUAYABA,671.0,Units,0.291,195.26,2026-04-15 22:25,2026-04-16 22:25,,997.59,2026-06-02 17:30:16
P00061,Corrugadora Nacional Cransa S.A.,PAOLA CALVACHE,Orden de compra,Recibida completa,[CAJ301] CAJA GOYA UE PULPA GUANABANA,2310.0,Units,0.291,672.21,2026-04-15 22:25,2026-04-16 22:25,,997.59,2026-06-02 17:30:16
P00060,Corrugadora Nacional Cransa S.A.,PAOLA CALVACHE,Orden de compra,Recibida completa,[CAJ300] CAJA GOYA UE MORA ENTERA,677.0,Units,0.291,197.01,2026-04-15 22:22,2026-05-06 22:22,,1794.07,2026-06-02 17:30:16
P00060,Corrugadora Nacional Cransa S.A.,PAOLA CALVACHE,Orden de compra,Recibida completa,[CAJ301] CAJA GOYA UE PULPA GUANABANA,1977.0,Units,0.291,575.31,2026-04-15 22:22,2026-05-06 22:22,,1794.07,2026-06-02 17:30:16
P00060,Corrugadora Nacional Cransa S.A.,PAOLA CALVACHE,Orden de compra,Recibida completa,[CAJ303] CAJA GOYA UE PULPA MORA,2707.0,Units,0.291,787.74,2026-04-15 22:22,2026-05-06 22:22,,1794.07,2026-06-02 17:30:16
P00059,Corrugadora Nacional Cransa S.A.,PAOLA CALVACHE,Orden de compra,Recibida completa,[CAJ302] CAJA GOYA UE PULPA GUAYABA,877.0,Units,0.291,255.21,2026-04-15 22:14,2026-04-26 22:14,,1230.51,2026-06-02 17:30:16
P00059,Corrugadora Nacional Cransa S.A.,PAOLA CALVACHE,Orden de compra,Recibida completa,[CAJ305] CAJA GOYA UE PULPA PAPAYA,712.0,Units,0.291,207.19,2026-04-15 22:14,2026-04-26 22:14,,1230.51,2026-06-02 17:30:16
P00059,Corrugadora Nacional Cransa S.A.,PAOLA CALVACHE,Orden de compra,Recibida completa,[CAJ306] CAJA GOYA UE PULPA PIÑA ,990.0,Units,0.291,288.09,2026-04-15 22:14,2026-04-26 22:14,,1230.51,2026-06-02 17:30:16
P00059,Corrugadora Nacional Cransa S.A.,PAOLA CALVACHE,Orden de compra,Recibida completa,[CAJ307] CAJA GOYA UE PULPA TOMATE ARBOL,1098.0,Units,0.291,319.52,2026-04-15 22:14,2026-04-26 22:14,,1230.51,2026-06-02 17:30:16
P00058,TITADSU,PAOLA CALVACHE,Orden de compra,Recibida completa,[INS017] KIT DE SEGURIDAD PARA CONTENEDORES,20.0,Units,4.66,93.2,2026-04-15 21:55,2026-04-21 00:00,,107.18,2026-06-02 17:30:16
P00057,GARCES ERAZO ESTEBAN ISRAEL,PAOLA CALVACHE,Orden de compra,Recibida completa,[MP00012] TOMATE DE ARBOL,411.0,kg,1.25,513.75,2026-04-15 10:47,2026-04-15 10:47,,513.75,2026-06-02 17:30:16
P00056,GARCES ERAZO ESTEBAN ISRAEL,PAOLA CALVACHE,Orden de compra,Recibida completa,[MP00241] TOMATE DE ARBOL 4 CM,991.0,kg,1.55,1536.05,2026-04-15 10:40,2026-04-15 08:30,,1536.05,2026-06-02 17:30:16
P00055,Corrugadora Nacional Cransa S.A.,PAOLA CALVACHE,Orden de compra,Recibida completa,"[CAJ100] CAJA MERICA 2,5 KG",9760.0,Units,0.262,2557.12,2026-04-15 10:34,2026-04-13 10:34,,2940.69,2026-06-02 17:30:16
P00054,MILANPLASTIC S A,PAOLA CALVACHE,Orden de compra,Recibida parcial,[ROL012] ROLLO TRANSPARENTE 150 g ,134.1,kg,7.505,1006.42,2026-04-14 16:07,2026-05-22 16:07,Sí,1157.38,2026-06-02 17:30:16
P00053,Corrugadora Nacional Cransa S.A.,PAOLA CALVACHE,Orden de compra,Recibida parcial,[CAJ001] CAJA MASTER HF X 10 KG,763.0,Units,0.475,362.43,2026-04-14 15:58,2026-04-15 15:58,Sí,1208.85,2026-06-02 17:30:16
P00053,Corrugadora Nacional Cransa S.A.,PAOLA CALVACHE,Orden de compra,Recibida parcial,[CAJ003] CAJA MASTER HF X 15 KG,725.0,Units,0.95,688.75,2026-04-14 15:58,2026-04-15 15:58,Sí,1208.85,2026-06-02 17:30:16
P00052,Corrugadora Nacional Cransa S.A.,PAOLA CALVACHE,Orden de compra,Recibida completa,[EMB100] PERFIL DE EMBALAJE,740.0,Units,0.655,484.7,2026-04-14 15:54,2026-04-28 15:54,,557.41,2026-06-02 17:30:16
P00051,Compania Nacional de Plasticos Conaplas S.A.,PAOLA CALVACHE,Orden de compra,Recibida completa,[CIN004] CINTA STRECH 50 CM,140.0,Units,6.0,840.0,2026-04-14 15:35,2026-05-08 00:00,,966.0,2026-06-02 17:30:16
P00050,SMART CHEMISTRY SMACH S.A.,PAOLA CALVACHE,Orden de compra,Recibida completa,[INS001] ACIDO PERACETICO 15%,92.0,kg,5.92,544.64,2026-04-14 15:27,2026-05-05 00:00,,626.34,2026-06-02 17:30:16
P00049,SECADO Y TRATADO DE MADERA SETRAMAD CIA. LTDA.,PAOLA CALVACHE,Orden de compra,Recibida completa,[PAL0001] PALLET RECICLADO DE MADERA ESTANDAR 100X120 CM,60.0,Units,6.5,390.0,2026-04-14 15:18,2026-04-07 15:18,,448.5,2026-06-02 17:30:16
P00048,APRACOM S.A.,PAOLA CALVACHE,Orden de compra,Recibida completa,[INS013] JABON ALK 25,80.0,kg,1.85,148.0,2026-04-14 12:57,2026-05-05 00:00,,340.4,2026-06-02 17:30:16
P00048,APRACOM S.A.,PAOLA CALVACHE,Orden de compra,Recibida completa,[INS014] JABON BC ALK CLOR,80.0,kg,1.85,148.0,2026-04-14 12:57,2026-05-05 00:00,,340.4,2026-06-02 17:30:16
P00047,MOVERPRINT CIA. LTDA.,PAOLA CALVACHE,Orden de compra,Recibida completa,"[ETI009] ETIQUETA ADHESIVA VERDE 10X29,55 CM",2500.0,Units,0.06,149.93,2026-04-14 12:54,2026-04-24 00:00,,172.42,2026-06-02 17:30:16
P00046,Compania Nacional de Plasticos Conaplas S.A.,PAOLA CALVACHE,Orden de compra,Recibida completa,[CIN003] CINTA DE EMBALAJE TRANSP 48X1000 YD,18.0,Units,6.5,117.0,2026-04-14 12:47,2026-04-16 00:00,,134.55,2026-06-02 17:30:16
P00045,SMART CHEMISTRY SMACH S.A.,PAOLA CALVACHE,Orden de compra,Recibida completa,[INS001] ACIDO PERACETICO 15%,92.0,kg,5.92,544.64,2026-04-14 12:44,2026-04-16 00:00,,626.34,2026-06-02 17:30:16
P00044,APRACOM S.A.,PAOLA CALVACHE,Orden de compra,Recibida completa,[INS013] JABON ALK 25,100.0,kg,1.85,185.0,2026-04-14 12:41,2026-04-16 00:00,,297.85,2026-06-02 17:30:16
P00044,APRACOM S.A.,PAOLA CALVACHE,Orden de compra,Recibida completa,[INS014] JABON BC ALK CLOR,40.0,kg,1.85,74.0,2026-04-14 12:41,2026-04-16 00:00,,297.85,2026-06-02 17:30:16
P00043,MOVERPRINT CIA. LTDA.,PAOLA CALVACHE,Orden de compra,Recibida completa,[INS025] RIBBON DE RESINA 300 M,10.0,Units,21.45,214.5,2026-04-14 12:34,2026-04-17 00:00,,578.46,2026-06-02 17:30:16
P00043,MOVERPRINT CIA. LTDA.,PAOLA CALVACHE,Orden de compra,Recibida completa,[INS026] RIBBON DE RESINA 450 M,10.0,Units,28.85,288.5,2026-04-14 12:34,2026-04-17 00:00,,578.46,2026-06-02 17:30:16
P00041,CHAVEZ TORRES MARLENE LASTENIA,PAOLA CALVACHE,Orden de compra,Recibida completa,[MP00019] NARANJILLA,3996.0,kg,0.85,3396.6,2026-04-14 10:15,2026-04-14 10:15,,3396.6,2026-06-02 17:30:16
P00040,JIMENEZ POZO OSCAR DAVID,PAOLA CALVACHE,Orden de compra,Recibida completa,[MP00036] MORA TIPO B,704.0,kg,1.2,844.8,2026-04-14 10:07,2026-04-14 09:07,,844.8,2026-06-02 17:30:16
P00039,GRUPO DYMAP SCC.,PAOLA CALVACHE,Orden de compra,Recibida completa,[PAL0002] PALLET ESTANDAR DE MADERA 100X120 CM,60.0,Units,12.45,747.0,2026-04-13 22:08,2026-04-27 00:00,,1876.8,2026-06-02 17:30:16
P00039,GRUPO DYMAP SCC.,PAOLA CALVACHE,Orden de compra,Recibida completa,[PAL0003] PALLET EUROPEO DE MADERA 80X120 CM,60.0,Units,14.75,885.0,2026-04-13 22:08,2026-04-27 00:00,,1876.8,2026-06-02 17:30:16
P00037,DON GATO SUPERMERCADO MAYORISTA S.A.,PAOLA CALVACHE,Orden de compra,Recibida completa,[MP00051] AZUCAR,2500.0,kg,0.7334,1833.5,2026-04-13 16:55,2026-04-09 16:55,,1833.5,2026-06-02 17:30:16
P00035,LISINTUÑA TIPAN CARMEN MARIA,PAOLA CALVACHE,Orden de compra,Recibida completa,[MP00016] MORA DE CASTILLA,363.0,kg,1.42,515.46,2026-04-13 16:50,2026-04-10 16:50,,515.46,2026-06-02 17:30:16
P00034,NOGUERA GILER YOFFRE GEOVANNY,PAOLA CALVACHE,Orden de compra,Recibida completa,[MP00014] MARACUYA,15466.0,kg,0.59,9124.94,2026-04-13 16:43,2026-04-14 16:43,,9124.94,2026-06-02 17:30:16
P00033,LLUGLLUNA CAIZA JOSE MIGUEL,PAOLA CALVACHE,Orden de compra,Recibida completa,[MP00007] FRUTILLA,526.0,kg,0.95,499.7,2026-04-13 16:39,2026-04-13 07:39,,499.7,2026-06-02 17:30:16
P00032,Corrugadora Nacional Cransa S.A.,PAOLA CALVACHE,Orden de compra,Recibida completa,[INS019] LAMINA SEPARADORA,3300.0,Units,0.151,498.3,2026-04-10 13:16,2026-04-10 11:16,,573.05,2026-06-02 17:30:16
P00031,ZURITA AGUILAR JESSICA TATIANA,PAOLA CALVACHE,Orden de compra,Recibida completa,[INS020] LIMPION PAÑOS WYPALL,20.0,Units,7.67,153.4,2026-04-10 11:06,2026-04-27 00:00,,317.86,2026-06-02 17:30:16
P00031,ZURITA AGUILAR JESSICA TATIANA,PAOLA CALVACHE,Orden de compra,Recibida completa,[INS023] PAPEL CAFE WYPALL 300 M,20.0,Units,6.15,123.0,2026-04-10 11:06,2026-04-15 00:00,,317.86,2026-06-02 17:30:16
P00030,LABMAREMI ECUADOR CIA.LTDA.,PAOLA CALVACHE,Orden de compra,Recibida completa,[INS009] FUNDA DE BASURA GRANDE 35X47 CM,50.0,Units,1.75,87.5,2026-04-10 10:57,2026-04-17 10:30,,224.83,2026-06-02 17:30:16
P00030,LABMAREMI ECUADOR CIA.LTDA.,PAOLA CALVACHE,Orden de compra,Recibida completa,[EPP028] GUANTE RECUBIERTO DE NITRILO TALLA M,10.0,Units,4.4,44.0,2026-04-10 10:57,2026-04-17 10:30,,224.83,2026-06-02 17:30:16
P00030,LABMAREMI ECUADOR CIA.LTDA.,PAOLA CALVACHE,Orden de compra,Recibida completa,[EPP027] GUANTE RECUBIERTO DE NITRILO TALLA L,10.0,Units,4.4,44.0,2026-04-10 10:57,2026-04-17 10:30,,224.83,2026-06-02 17:30:16
P00030,LABMAREMI ECUADOR CIA.LTDA.,PAOLA CALVACHE,Orden de compra,Recibida completa,[EPP034] BATA DESCARTABLE,20.0,Units,1.0,20.0,2026-04-10 10:57,2026-04-17 10:30,,224.83,2026-06-02 17:30:16
P00029,MOVERPRINT CIA. LTDA.,PAOLA CALVACHE,Orden de compra,Recibida completa,[ETI001] ETIQUETA ADHESIVA BLANCA 9X12 CM,30000.0,Units,0.021,630.0,2026-04-09 15:39,2026-04-08 15:39,,724.5,2026-06-02 17:30:16
P00028,COMPANIA DE TRANSPORTE TYDCOSERVICES S.A.,PAOLA CALVACHE,Orden de compra,Recibida completa,[INS032] Diesel,1000.0,Units,2.7698,2769.8,2026-04-09 15:29,2026-04-06 07:29,,3185.27,2026-06-02 17:30:16
P00027,AGUILAR CHUGA CRISTOPHER ALEXANDER,PAOLA CALVACHE,Orden de compra,Recibida completa,[MP00003] GUAYABA,3730.0,kg,0.75,2797.5,2026-04-09 14:51,2026-04-09 06:30,,2797.5,2026-06-02 17:30:16
P00026,ALMEIDA AGUIRRE MARITZA RAQUEL,PAOLA CALVACHE,Orden de compra,Recibida completa,[CAL003] DATA LOGGER DESECHABLE,20.0,Units,20.0,400.0,2026-04-09 14:04,2026-04-14 00:00,,460.0,2026-06-02 17:30:16
P00025,DISTRIBUIDORA DESCALZI S.A.,PAOLA CALVACHE,Orden de compra,Recibida completa,[CAL002] HISOPO CLEAN TRACE WATER AQT200,30.0,Units,4.0,120.0,2026-04-09 12:37,2026-04-14 00:00,,2370.16,2026-06-02 17:30:16
P00025,DISTRIBUIDORA DESCALZI S.A.,PAOLA CALVACHE,Orden de compra,Recibida completa,[CAL010] HISOPO CLEAN TRACE SUPERFICIE UXL100,380.0,Units,2.4,912.0,2026-04-09 12:37,2026-04-14 00:00,,2370.16,2026-06-02 17:30:16
P00025,DISTRIBUIDORA DESCALZI S.A.,PAOLA CALVACHE,Orden de compra,Recibida completa,[CAL009] PLACA PTRFLM AEROBIOS,200.0,Units,1.02,204.0,2026-04-09 12:37,2026-04-14 00:00,,2370.16,2026-06-02 17:30:16
P00025,DISTRIBUIDORA DESCALZI S.A.,PAOLA CALVACHE,Orden de compra,Recibida completa,[CAL007] PLACA PTRFLM RAPID E. COLI-COLIFORME,250.0,Units,2.04,510.0,2026-04-09 12:37,2026-04-14 00:00,,2370.16,2026-06-02 17:30:16
P00025,DISTRIBUIDORA DESCALZI S.A.,PAOLA CALVACHE,Orden de compra,Recibida completa,[CAL008] PLACA PTRFLM MOHOS Y LEVADURA,50.0,Units,1.15,57.5,2026-04-09 12:37,2026-04-14 00:00,,2370.16,2026-06-02 17:30:16
P00025,DISTRIBUIDORA DESCALZI S.A.,PAOLA CALVACHE,Orden de compra,Recibida completa,[CAL006] PLACA PTRFLM RAPID MOHOS Y LEVADURAS,100.0,Units,1.7,170.0,2026-04-09 12:37,2026-04-14 00:00,,2370.16,2026-06-02 17:30:16
P00025,DISTRIBUIDORA DESCALZI S.A.,PAOLA CALVACHE,Orden de compra,Recibida completa,[CAL004] HISOPO QUICK TRACE 1 ML,25.0,Units,1.8,45.0,2026-04-09 12:37,2026-04-14 00:00,,2370.16,2026-06-02 17:30:16
P00025,DISTRIBUIDORA DESCALZI S.A.,PAOLA CALVACHE,Orden de compra,Recibida completa,[CAL005] PLACA PTRFLM RAPID AEROBIOS,25.0,Units,1.7,42.5,2026-04-09 12:37,2026-04-14 00:00,,2370.16,2026-06-02 17:30:16
P00024,NATIGOLD S.A.,PAOLA CALVACHE,Orden de compra,Recibida completa,[MP00230] POLVO DE CACAO ALCALINO,300.0,kg,7.5,2250.0,2026-04-09 11:53,2026-04-14 11:53,,2587.5,2026-06-02 17:30:16
P00023,Corrugadora Nacional Cransa S.A.,PAOLA CALVACHE,Orden de compra,Recibida completa,[CAJ106] CAJA MERICA MORA ENTERA,1100.0,Units,0.385,423.5,2026-04-09 10:54,2026-04-07 10:54,,487.03,2026-06-02 17:30:16
P00022,DISTRIBUIDORA DESCALZI S.A.,PAOLA CALVACHE,Orden de compra,Recibida completa,[MP00244] ESENCIA DE FRESA,7.87,kg,20.59,162.04,2026-04-09 10:48,2026-04-07 10:48,,186.35,2026-06-02 17:30:16
P00021,MILANPLASTIC S A,PAOLA CALVACHE,Orden de compra,Recibida completa,[FUN107] FUNDA MERICA PULPA GUAYABA 250 g,35500.0,Units,0.0372,1321.65,2026-04-06 10:42,2026-04-06 10:42,,1519.9,2026-06-02 17:30:16
P00020,APRACOM S.A.,PAOLA CALVACHE,Orden de compra,Recibida completa,[INS013] JABON ALK 25,80.0,kg,1.85,148.0,2026-04-09 09:07,2026-04-07 09:07,,340.4,2026-06-02 17:30:16
P00020,APRACOM S.A.,PAOLA CALVACHE,Orden de compra,Recibida completa,[INS014] JABON BC ALK CLOR,80.0,kg,1.85,148.0,2026-04-09 09:07,2026-04-07 09:07,,340.4,2026-06-02 17:30:16
P00019,DIAZ LALANGUI PEDRO FRANCISCO,PAOLA CALVACHE,Orden de compra,Recibida completa,[MP00028] MOTA GUANABANA,1600.0,kg,1.48,2368.0,2026-04-09 08:55,2026-04-08 14:00,,2368.0,2026-06-02 17:30:16
P00017,GELARDO RUIZ CLARA,PAOLA CALVACHE,Orden de compra,Recibida completa,[MP00022] PIÑA,2348.0,kg,0.55,1291.4,2026-04-08 11:38,2026-04-08 11:38,,1291.4,2026-06-02 17:30:16
P00016,DIAZ LALANGUI PEDRO FRANCISCO,PAOLA CALVACHE,Orden de compra,Recibida completa,[MP00027] TAMARINDO,1388.0,kg,2.05,2845.4,2026-04-08 11:35,2026-04-08 06:35,,2845.4,2026-06-02 17:30:16
P00015,MINFARMS S.A.S.,PAOLA CALVACHE,Orden de compra,Recibida completa,[MP00028] MOTA GUANABANA,1114.0,kg,1.38,1537.32,2026-04-07 16:03,2026-04-07 15:03,,1537.32,2026-06-02 17:30:16
P00014,GUANABANA-BIG CIA.LTDA.,PAOLA CALVACHE,Orden de compra,Recibida completa,[MP00028] MOTA GUANABANA,3245.0,kg,1.5,4867.5,2026-04-07 15:55,2026-04-07 14:55,,4867.5,2026-06-02 17:30:16
P00013,CHAVEZ TORRES MARLENE LASTENIA,PAOLA CALVACHE,Orden de compra,Recibida completa,[MP00019] NARANJILLA,4618.0,kg,0.85,3925.3,2026-04-07 15:29,2026-04-08 15:29,,3925.3,2026-06-02 17:30:16
P00008,ALITECNO COMERCIO DE INSUMOS PARA LA INDUSTRIA DE ALIMENTOS,PAOLA CALVACHE,Orden de compra,Recibida completa,[EPP029] MANDIL AZUL PVC,20.0,Units,14.5,290.0,2026-04-13 10:00,2026-04-13 00:00,,333.5,2026-06-02 17:30:16
P00007,JIMENEZ POZO OSCAR DAVID,PAOLA CALVACHE,Orden de compra,Recibida completa,[MP00036] MORA TIPO B,784.0,kg,1.1,862.4,2026-04-07 10:57,2026-04-07 08:30,,862.4,2026-06-02 17:30:16
P00006,SECADO Y TRATADO DE MADERA SETRAMAD CIA. LTDA.,PAOLA CALVACHE,Orden de compra,Recibida completa,[PAL0001] PALLET RECICLADO DE MADERA ESTANDAR 100X120 CM,40.0,Units,6.5,260.0,2026-04-07 09:58,2026-04-06 09:58,,299.0,2026-06-02 17:30:16
P00005,TOP TRADING TOPTRA CIA. LTDA.,PAOLA CALVACHE,Orden de compra,Recibida completa,[MP00056] ACIDO ASCORBICO,50.0,kg,5.81,290.5,2026-04-07 09:52,2026-04-06 09:52,,334.08,2026-06-02 17:30:16
P00004,Corrugadora Nacional Cransa S.A.,PAOLA CALVACHE,Orden de compra,Recibida completa,"[CAJ100] CAJA MERICA 2,5 KG",9438.0,Units,0.262,2472.76,2026-04-07 09:45,2026-04-08 09:45,,3889.93,2026-06-02 17:30:16
P00004,Corrugadora Nacional Cransa S.A.,PAOLA CALVACHE,Orden de compra,Recibida completa,[CAJ103] CAJA MERICA FRUTA ENTERA,2187.0,Units,0.416,909.79,2026-04-07 09:45,2026-04-08 09:45,,3889.93,2026-06-02 17:30:16
P00003,Corrugadora Nacional Cransa S.A.,PAOLA CALVACHE,Orden de compra,Recibida completa,[CAJ204] CAJA GOYA USA PULPA DE MANGO,2194.0,Units,0.301,660.39,2026-04-07 09:28,2026-04-05 09:28,,759.45,2026-06-02 17:30:16
P00002,DIAZ LALANGUI PEDRO FRANCISCO,PAOLA CALVACHE,Orden de compra,Recibida completa,[MP00027] TAMARINDO,1469.0,kg,2.05,3011.45,2026-04-06 16:28,2026-04-06 06:30,,3011.45,2026-06-02 17:30:16
P00001,NOGUERA GILER YOFFRE GEOVANNY,PAOLA CALVACHE,Orden de compra,Recibida completa,[MP00014] MARACUYA,10922.0,kg,0.59,6443.98,2026-04-06 07:02,2026-04-06 07:02,,6443.98,2026-06-02 17:30:16
